series,name,race,mastery,mastery_id,activity,n_levels,id_first,id_last,mastery_req_first,mastery_req_last,sp_lv1,sp_last,mp_lv1,mp_last,cast_ms_lv1,cooldown_ms_lv1,att_pct_lv1,att_pct_last,att_min_lv1,att_max_lv1,status_lv1,tags
SKILL_CH_FORTRESSWEAPON,SKILL_CH_FORTRESSWEAPON,CH,Character,1,2,1,21228,21228,42,42,0,0,0,0,0,1200,0,0,0,0,,att;mc
SKILL_CH_SWORD_BASE,SKILL_CH_SWORD_BASE_01,CH,Bicheon (Sword),257,2,1,2,2,0,0,0,0,0,0,0,1200,60,60,0,0,,att;mc;getv;MAAT
SKILL_CH_SWORD_CHAIN_A,Illusion Chain,CH,Bicheon (Sword),257,2,9,6,338,7,23,5,0,32,0,0,8000,30,120,18,64,,att;getv;MAAT
SKILL_CH_SWORD_CHAIN_B,Blood Chain,CH,Bicheon (Sword),257,2,9,9,370,29,45,135,0,153,0,0,8000,43,77,71,171,,att;getv;MAAT
SKILL_CH_SWORD_CHAIN_C,Billow Chain,CH,Bicheon (Sword),257,2,9,13,410,29,45,135,0,215,0,0,8000,47,127,71,171,,att;getv;MAAT
SKILL_CH_SWORD_CHAIN_D,Ascension Chain,CH,Bicheon (Sword),257,2,9,18,442,51,67,494,0,474,0,0,8000,67,137,176,376,,att;getv;MAAT
SKILL_CH_SWORD_CHAIN_E,Heaven Chain,CH,Bicheon (Sword),257,2,22,22,547,51,93,494,0,574,0,1218,8000,133,177,176,850,,att;getv;MAAT
SKILL_CH_SWORD_CHAIN_F,Lightning Chain,CH,Bicheon (Sword),257,2,22,7185,7316,73,115,1917,0,1570,0,256,8000,60,67,375,1604,,att;getv;MAAT
SKILL_CH_SWORD_CHAIN_G,Thousand Army Chain,CH,Bicheon (Sword),257,2,9,7317,7370,100,116,13174,0,4057,0,1230,8000,143,81,855,1649,,att;st;getv;MAAT
SKILL_CH_SWORD_CHAIN_H,Heavenly Chain,CH,Bicheon (Sword),257,2,1,7371,7377,120,120,27050,0,8978,0,445,8000,94,76,1508,1843,"bleed[30000,15,12,670,20]",att;getv;MAAT
SKILL_CH_SWORD_DOWNATTACK_A,Flower Bloom Blade,CH,Bicheon (Sword),257,2,10,35,647,19,37,47,239,70,168,698,4000,150,150,42,123,down_attack[125] reqc[1],att;getv;MAAT
SKILL_CH_SWORD_DOWNATTACK_B,Flower Bud Blade,CH,Bicheon (Sword),257,2,9,36,655,45,61,374,770,317,569,801,4000,170,170,140,307,down_attack[150] reqc[1],att;getv;MAAT
SKILL_CH_SWORD_DOWNATTACK_C,Dragon Sore Blade,CH,Bicheon (Sword),257,2,9,3141,3158,68,84,1545,0,848,0,388,4000,61,139,318,647,down_attack[150] reqc[1],att;getv;MAAT
SKILL_CH_SWORD_DOWNATTACK_D,Asura Cut Blade,CH,Bicheon (Sword),257,2,9,7466,7483,90,106,5675,0,1747,0,388,4000,121,79,636,1243,down_attack[150] reqc[1],att;cr;getv;MAAT
SKILL_CH_SWORD_DOWNATTACK_E,Heavenly Blade,CH,Bicheon (Sword),257,2,5,7484,7493,110,118,18581,0,4609,0,524,4000,156,131,1140,1744,down_attack[150] reqc[1],att;cr;getv;MAAT
SKILL_CH_SWORD_DOWNATTACK_F,Mad Dragon Blade,CH,Bicheon (Sword),257,2,1,7494,7495,120,120,27050,0,6602,0,860,4000,205,95,1508,1843,down_attack[150] reqc[1],att;cr;getv;MAAT
SKILL_CH_SWORD_GEOMGI_A,Soul Cut Blade,CH,Bicheon (Sword),257,2,9,30,588,14,30,21,144,34,82,341,4000,113,113,31,90,,att;getv;MAAT
SKILL_CH_SWORD_GEOMGI_B,Evil Cut Blade,CH,Bicheon (Sword),257,2,9,31,596,36,52,226,520,127,239,428,4000,133,133,97,223,,att;getv;MAAT
SKILL_CH_SWORD_GEOMGI_C,Devil Cut Blade,CH,Bicheon (Sword),257,2,9,32,3081,58,74,675,0,458,0,432,4000,117,83,226,473,,att;getv;MAAT
SKILL_CH_SWORD_GEOMGI_D,Demon Cut Blade,CH,Bicheon (Sword),257,2,9,7396,7413,80,96,2494,0,1104,0,727,4000,142,91,468,929,,att;getv;MAAT
SKILL_CH_SWORD_GEOMGI_E,Ghost Cut Blade,CH,Bicheon (Sword),257,2,7,7414,7434,102,114,14256,0,2563,0,770,4000,116,92,906,1559,,att;getv;MAAT
SKILL_CH_SWORD_GEOMGI_F,Emperor Blade,CH,Bicheon (Sword),257,2,1,7435,7437,120,120,27050,0,4791,0,430,4000,117,90,1508,1843,,att;getv;MAAT
SKILL_CH_SWORD_KNOCKDOWN_A,Blood Blade Force,CH,Bicheon (Sword),257,2,18,33,621,19,53,47,546,79,356,759,4000,187,187,42,231,"knockdown[19,50]",att;getv;MAAT
SKILL_CH_SWORD_KNOCKDOWN_B,Soul Blade Force,CH,Bicheon (Sword),257,2,18,34,638,41,75,299,2082,304,1074,910,4000,220,220,119,488,"knockdown[41,50]",att;efr;getv;MAAT
SKILL_CH_SWORD_KNOCKDOWN_C,Demon Blade Force,CH,Bicheon (Sword),257,2,18,3123,3140,63,97,856,9333,657,1941,1125,4000,250,250,269,957,"knockdown[63,50]",att;getv;MAAT
SKILL_CH_SWORD_KNOCKDOWN_D,Ocean Blade Force,CH,Bicheon (Sword),257,2,18,7438,7455,85,119,3927,26072,1784,4641,1125,4000,250,250,546,1793,"knockdown[85,50]",att;efr;getv;MAAT
SKILL_CH_SWORD_KNOCKDOWN_E,Sky Blade Force,CH,Bicheon (Sword),257,2,5,7456,7465,112,120,20012,0,4086,0,660,4000,176,81,1206,1843,,att;getv;MAAT
SKILL_CH_SWORD_PASSIVE_A,Shield Protection,CH,Bicheon (Sword),257,0,12,39,700,10,120,9,27050,0,0,0,0,,,,,,reqi
SKILL_CH_SWORD_SHIELDPD_A,Glacial Flame Bicheon Force,CH,Bicheon (Sword),257,2,6,30573,30578,20,35,53,212,98,206,1300,180000,,,,,,dura;reqi
SKILL_CH_SWORD_SHIELDPD_B,Storm Bicheon Force,CH,Bicheon (Sword),257,2,6,30579,30584,40,55,280,597,254,452,1300,180000,,,,,,dura;reqi
SKILL_CH_SWORD_SHIELDPD_C,Banshee Bicheon Force,CH,Bicheon (Sword),257,2,6,30585,30590,60,75,726,2082,539,887,1300,180000,,,,,,dura;reqi
SKILL_CH_SWORD_SHIELDPD_D,Summit & Depth Bicheon Force,CH,Bicheon (Sword),257,2,6,30591,30596,80,95,2494,8693,1040,1640,1300,180000,,,,,,dura;reqi
SKILL_CH_SWORD_SHIELDPD_E,Celestial Ground Bicheon Force,CH,Bicheon (Sword),257,2,6,30597,30602,100,115,13174,22159,1900,2916,1300,180000,,,,,,dura;reqi
SKILL_CH_SWORD_SHIELDPD_F,Light Bearers Bicheon Force,CH,Bicheon (Sword),257,2,1,30603,30603,120,120,27050,27050,3351,3351,1300,180000,,,,,,dura;reqi
SKILL_CH_SWORD_SHIELD_A,Castle Shield,CH,Bicheon (Sword),257,2,12,27,558,10,43,9,336,25,144,0,60000,,,,,,dura;reqi;defp
SKILL_CH_SWORD_SHIELD_B,Mountain Shield,CH,Bicheon (Sword),257,2,12,28,569,32,65,172,1358,90,320,0,60000,,,,,,dura;reqi
SKILL_CH_SWORD_SHIELD_C,Ironwall Shield,CH,Bicheon (Sword),257,2,12,29,580,54,87,571,4847,218,645,0,60000,,,,,,dura;reqi;defp
SKILL_CH_SWORD_SHIELD_D,Giant Shield,CH,Bicheon (Sword),257,2,8,7378,7385,76,97,2164,9333,458,870,0,60000,,,,,,dura;reqi
SKILL_CH_SWORD_SHIELD_E,Iron Castle Shield,CH,Bicheon (Sword),257,2,8,7386,30162,98,119,10811,26072,896,1630,0,60000,,,,,,dura;reqi;defp
SKILL_CH_SWORD_SHIELD_F,Sun Guard Shield,CH,Bicheon (Sword),257,2,6,7391,30163,105,120,15878,27050,1098,1675,0,60000,,,,,,dura;reqi
SKILL_CH_SWORD_SMASH_A,Strike Smash,CH,Bicheon (Sword),257,2,9,3,298,5,21,2,62,19,60,411,3000,143,143,15,57,,att;getv;MAAT
SKILL_CH_SWORD_SMASH_B,Stab Smash,CH,Bicheon (Sword),257,2,9,4,306,27,43,117,336,91,184,500,3000,160,160,64,158,,att;getv;MAAT
SKILL_CH_SWORD_SMASH_C,Crosswise Smash,CH,Bicheon (Sword),257,2,9,5,3072,49,65,449,0,290,0,657,3000,116,84,163,352,,att;getv;MAAT
SKILL_CH_SWORD_SMASH_D,Flying Stone Smash,CH,Bicheon (Sword),257,2,12,7128,7151,71,93,1752,0,550,0,294,3000,113,71,351,850,"bleed[30000,18,8,156,20]",att;getv;MAAT
SKILL_CH_SWORD_SMASH_E,Twin Energy Smash,CH,Bicheon (Sword),257,2,13,7152,30159,96,120,9013,0,1362,0,265,3000,49,98,760,1843,"bleed[30000,16,10,338,20]",att;getv;MAAT
SKILL_CH_SWORD_SMASH_F,Destruction Smash,CH,Bicheon (Sword),257,2,1,21203,33382,120,120,27050,0,3410,0,265,8000,49,92,1508,1843,"bleed[30000,25,12,670,20]",att;efr;getv;MAAT
SKILL_CH_SWORD_SPECIAL_A,Snake Sword Dance,CH,Bicheon (Sword),257,2,18,37,672,31,65,158,1358,171,644,760,8000,187,187,77,352,,att;efr;getv;MAAT
SKILL_CH_SWORD_SPECIAL_B,Petal Sword Dance,CH,Bicheon (Sword),257,2,18,38,689,54,88,571,5338,447,1454,760,8000,187,187,196,732,,att;efr;getv;MAAT
SKILL_CH_SWORD_SPECIAL_C,Typhoon Sword Dance,CH,Bicheon (Sword),257,2,18,7496,7513,76,110,2164,18581,1096,2918,760,8000,187,187,412,1393,,att;efr;getv;MAAT
SKILL_CH_SWORD_SPECIAL_D,Chaotic Sword Dance,CH,Bicheon (Sword),257,2,12,7514,7525,98,120,10811,27050,2087,3832,760,8000,187,187,806,1843,,att;efr;getv;MAAT
SKILL_CH_SWORD_SPECIAL_E,Heaven Sword Dance,CH,Bicheon (Sword),257,2,1,7526,7527,120,120,27050,0,4401,0,430,8000,117,83,1508,1843,,att;efr;getv;MAAT
SKILL_CH_SPEAR_BASE,SKILL_CH_SPEAR_BASE_01,CH,Heuksal (Spear),258,2,1,40,40,0,0,0,0,0,0,0,1166,117,117,0,0,,att;getv;MAAT
SKILL_CH_SPEAR_CHAIN_A,Chain Spear - Tiger,CH,Heuksal (Spear),258,2,9,55,845,24,40,89,0,167,0,0,8000,50,160,67,179,,att;getv;MAAT
SKILL_CH_SPEAR_CHAIN_B,Chain Spear - Nachal,CH,Heuksal (Spear),258,2,9,58,877,47,63,412,0,386,0,0,8000,37,113,184,420,,att;getv;MAAT
SKILL_CH_SPEAR_CHAIN_C,Chain Spear - Shura,CH,Heuksal (Spear),258,2,9,62,917,47,63,412,0,660,0,0,8000,63,153,184,420,,att;efr;getv;MAAT
SKILL_CH_SPEAR_CHAIN_D,Chain Spear - Pluto,CH,Heuksal (Spear),258,2,9,3168,3203,69,85,1607,0,1826,0,748,8000,141,129,399,853,,att;getv;MAAT
SKILL_CH_SPEAR_CHAIN_E,Chain Spear - Dragon,CH,Heuksal (Spear),258,2,22,3204,3335,69,111,1607,0,1572,0,0,8000,115,141,399,1832,,att;efr;getv;MAAT
SKILL_CH_SPEAR_CHAIN_F,Chain Spear - Phoenix,CH,Heuksal (Spear),258,2,15,7679,7768,91,119,5931,0,3745,0,745,8000,141,89,796,2292,,att;efr;getv;MAAT
SKILL_CH_SPEAR_CHAIN_G,Chain Spear - Heaven,CH,Heuksal (Spear),258,2,3,7769,7789,116,120,23138,0,8238,0,535,8000,115,74,1640,2356,,att;efr;getv;MAAT
SKILL_CH_SPEAR_FRONTAREA_A,Dancing Demon Spear,CH,Heuksal (Spear),258,2,9,47,765,10,26,9,108,61,163,862,3000,200,200,28,95,,att;efr;getv;MAAT
SKILL_CH_SPEAR_FRONTAREA_B,Jade Breaking Spear,CH,Heuksal (Spear),258,2,9,48,3090,32,48,172,0,299,0,592,3000,125,125,99,245,,att;efr;getv;MAAT
SKILL_CH_SPEAR_FRONTAREA_C,Spirit Crash Spear,CH,Heuksal (Spear),258,2,9,49,781,54,70,571,1670,525,910,1023,3000,200,200,238,531,,att;efr;getv;MAAT
SKILL_CH_SPEAR_FRONTAREA_D,Windless Spear,CH,Heuksal (Spear),258,2,9,7588,7605,76,92,2164,0,1500,0,1020,3000,202,98,501,1055,"sleep[20000,10,8]",att;efr;getv;MAAT
SKILL_CH_SPEAR_FRONTAREA_E,Death Bringer Spear,CH,Heuksal (Spear),258,2,7,7606,7619,98,110,10811,0,2844,0,850,3000,103,180,980,1781,"sleep[20000,12,10]",att;efr;getv;MAAT
SKILL_CH_SPEAR_FRONTAREA_F,Pitch Black Spear,CH,Heuksal (Spear),258,2,3,7620,7628,116,120,23138,0,4723,0,610,3000,113,77,1640,2356,"sleep[20000,10,12]",att;efr;getv;MAAT
SKILL_CH_SPEAR_PASSIVE_A,Cheolsam Force,CH,Heuksal (Spear),258,0,12,69,944,10,120,9,27050,0,0,0,0,,,,,,
SKILL_CH_SPEAR_PIERCE_A,Wolf Bite Spear,CH,Heuksal (Spear),258,2,9,41,708,5,21,2,62,29,94,568,4000,160,160,18,73,,att;efr;getv;MAAT
SKILL_CH_SPEAR_PIERCE_B,Waning Moon Spear,CH,Heuksal (Spear),258,2,9,42,716,27,43,117,336,142,287,563,4000,180,180,78,202,,att;efr;getv;MAAT
SKILL_CH_SPEAR_PIERCE_C,Yuhon Spear,CH,Heuksal (Spear),258,2,9,43,724,49,65,449,1358,435,768,896,4000,220,220,198,449,,att;efr;getv;MAAT
SKILL_CH_SPEAR_PIERCE_D,Lightning Bird Spear,CH,Heuksal (Spear),258,2,9,7528,7545,71,87,1752,0,1020,0,1418,4000,181,102,427,907,,att;efr;getv;MAAT
SKILL_CH_SPEAR_PIERCE_E,Celestial Cloud Spear,CH,Heuksal (Spear),258,2,9,7546,20458,93,109,7087,0,2375,0,1400,4000,172,110,845,1731,,att;efr;getv;MAAT
SKILL_CH_SPEAR_PIERCE_F,Asura Spear,CH,Heuksal (Spear),258,2,3,7564,20461,116,120,23138,0,3949,0,1070,4000,141,67,1640,2356,,att;efr;getv;MAAT
SKILL_CH_SPEAR_ROUNDAREA_A,Ghost Spear - Petal,CH,Heuksal (Spear),258,2,9,53,813,19,35,47,212,140,312,0,5000,220,220,51,145,,att;efr;getv;MAAT
SKILL_CH_SPEAR_ROUNDAREA_B,Ghost Spear - Prince,CH,Heuksal (Spear),258,2,9,54,821,41,57,299,649,450,826,0,5000,250,250,145,341,"knockback[35,50]",att;efr;getv;MAAT
SKILL_CH_SPEAR_ROUNDAREA_C,Ghost Spear - Mars,CH,Heuksal (Spear),258,2,9,3159,3167,63,79,856,2412,1108,1869,0,5000,280,280,327,708,"knockback[35,50]",att;efr;getv;MAAT
SKILL_CH_SPEAR_ROUNDAREA_D,Ghost Spear - Storm Cloud,CH,Heuksal (Spear),258,2,9,7664,7672,85,101,3927,13715,2255,3633,0,5000,280,280,664,1375,"knockback[35,50]",att;efr;getv;MAAT
SKILL_CH_SPEAR_ROUNDAREA_E,Ghost Spear - Emperor,CH,Heuksal (Spear),258,2,5,7673,7677,106,114,16418,21444,4209,5280,0,5000,280,280,1236,1993,"knockback[40,50]",att;efr;getv;MAAT
SKILL_CH_SPEAR_ROUNDAREA_F,Ghost Spear - Sea God,CH,Heuksal (Spear),258,2,1,7678,7678,120,120,27050,27050,6241,6241,0,5000,280,280,1833,2356,"knockback[40,60]",att;efr;getv;MAAT
SKILL_CH_SPEAR_SHOOT_A,Flying Dragon - Flow,CH,Heuksal (Spear),258,2,9,67,925,31,47,158,412,219,428,835,8000,200,200,94,236,,att;efr;getv;MAAT
SKILL_CH_SPEAR_SHOOT_B,Flying Dragon - Fly,CH,Heuksal (Spear),258,2,9,68,933,54,70,571,1670,623,1079,1044,8000,230,230,238,531,,att;efr;getv;MAAT
SKILL_CH_SPEAR_SHOOT_C,Flying Dragon - Bless,CH,Heuksal (Spear),258,2,9,7790,7798,76,92,2164,6806,1310,2145,1044,8000,230,230,501,1055,,att;efr;getv;MAAT
SKILL_CH_SPEAR_SHOOT_D,Flying Dragon - Flash,CH,Heuksal (Spear),258,2,10,7799,7818,98,116,10811,0,4673,0,1030,8000,241,120,980,2108,,att;efr;getv;MAAT
SKILL_CH_SPEAR_SHOOT_E,Flying Dragon - Sky,CH,Heuksal (Spear),258,2,1,7819,7820,120,120,27050,0,8582,0,1030,8000,241,120,1833,2356,,att;efr;getv;MAAT
SKILL_CH_SPEAR_SPIN_A,Bloody Fan Storm,CH,Heuksal (Spear),258,2,12,44,735,7,40,5,280,20,127,0,60000,,,,,,dura;defp
SKILL_CH_SPEAR_SPIN_B,Bloody Wolf Storm,CH,Heuksal (Spear),258,2,12,45,746,29,62,135,813,78,289,0,60000,,,,,,dura
SKILL_CH_SPEAR_SPIN_C,Bloody Snake Storm,CH,Heuksal (Spear),258,2,12,46,757,51,84,494,3790,195,589,0,60000,,,,,,dura;defp
SKILL_CH_SPEAR_SPIN_D,Bloody Demon Storm,CH,Heuksal (Spear),258,2,8,7570,7577,73,94,1917,8373,416,796,0,60000,,,,,,dura
SKILL_CH_SPEAR_SPIN_E,Bloody Ghost Storm,CH,Heuksal (Spear),258,2,8,7578,30166,98,119,10811,26072,896,1630,0,60000,,,,,,dura;defp
SKILL_CH_SPEAR_SPIN_F,Bloody Emperor Storm,CH,Heuksal (Spear),258,2,6,7583,30167,105,120,15878,27050,1098,1675,0,60000,,,,,,dura
SKILL_CH_SPEAR_STUN_A,Soul Spear - Move,CH,Heuksal (Spear),258,2,9,50,789,14,30,21,144,92,222,1128,4000,250,250,37,115,,att;st;getv;MAAT
SKILL_CH_SPEAR_STUN_B,Soul Spear - Truth,CH,Heuksal (Spear),258,2,9,51,797,36,52,226,520,328,618,1249,4000,280,280,118,285,,att;st;getv;MAAT
SKILL_CH_SPEAR_STUN_C,Soul Spear - Soul,CH,Heuksal (Spear),258,2,9,52,3099,58,74,675,0,1030,0,1039,4000,175,175,275,604,,att;getv;MAAT
SKILL_CH_SPEAR_STUN_D,Soul Spear - Emperor,CH,Heuksal (Spear),258,2,9,7629,7646,80,96,2494,0,2208,0,1010,4000,207,143,569,1188,,att;st;getv;MAAT
SKILL_CH_SPEAR_STUN_E,Soul Spear - Destruction,CH,Heuksal (Spear),258,2,7,7647,20468,102,114,14256,0,4292,0,250,4000,77,140,1101,1993,,att;st;getv;MAAT
SKILL_CH_SPEAR_STUN_F,Soul Spear - Emptiness,CH,Heuksal (Spear),258,2,1,7661,7663,120,120,27050,0,7758,0,902,4000,180,131,1833,2356,,att;st;getv;MAAT
SKILL_CH_BOW_AREA_A,Berserker Arrow,CH,Pacheon (Bow),259,2,9,85,1065,25,41,98,299,132,272,800,8000,200,200,52,146,,att;cnsm;efr;hr;getv;MAAT
SKILL_CH_BOW_AREA_B,Demon Arrow,CH,Pacheon (Bow),259,2,9,86,1073,47,63,412,856,403,717,1300,8000,250,250,136,328,,att;cnsm;efr;hr;getv;MAAT
SKILL_CH_BOW_AREA_C,Devil Arrow,CH,Pacheon (Bow),259,2,9,3341,3349,69,85,1607,3927,1157,1922,1300,8000,350,350,297,667,,att;cnsm;efr;hr;getv;MAAT
SKILL_CH_BOW_AREA_D,Celestial Beast Arrow,CH,Pacheon (Bow),259,2,9,7911,7919,91,107,5931,16959,2311,3691,1300,8000,350,350,592,1279,"debuff_n?[10000,20,10,30] burn[202,20,91]",att;cnsm;efr;hr;getv;MAAT
SKILL_CH_BOW_AREA_E,Pitch Black Arrow,CH,Pacheon (Bow),259,2,3,7920,7922,116,120,23138,27050,4771,5332,1300,8000,350,350,1218,1842,"debuff_n?[10000,30,12,30] burn[252,30,116]",att;cnsm;efr;hr;getv;MAAT
SKILL_CH_BOW_BASE,SKILL_CH_BOW_BASE_01,CH,Pacheon (Bow),259,2,1,70,70,0,0,0,0,0,0,0,840,84,84,0,0,,att;cnsm;getv;MAAT
SKILL_CH_BOW_CALL_A,White Hawk Summon,CH,Pacheon (Bow),259,2,12,77,1003,10,43,9,336,51,287,0,1000,,,,,,dura;hr
SKILL_CH_BOW_CALL_B,Black Hawk Summon,CH,Pacheon (Bow),259,2,12,78,1014,32,65,172,1358,225,799,0,1000,,,,,,dura;summ
SKILL_CH_BOW_CALL_C,Blue Hawk Summon,CH,Pacheon (Bow),259,2,12,79,1025,54,87,571,4847,436,1290,0,1000,,,,,,dura;hr
SKILL_CH_BOW_CALL_D,Lightning Hawk Summon,CH,Pacheon (Bow),259,2,12,7866,7877,76,109,2164,18040,1145,3077,0,1000,,,,,,dura;summ
SKILL_CH_BOW_CALL_E,Ice Hawk,CH,Pacheon (Bow),259,2,7,7878,7884,104,116,15337,23138,2133,2998,0,1000,,,,,,dura;hr
SKILL_CH_BOW_CALL_F,Fire Hawk,CH,Pacheon (Bow),259,2,1,7885,7885,120,120,27050,27050,4189,4189,0,1000,,,,,,dura;summ;hr
SKILL_CH_BOW_CHAIN_A,2 Arrow Combo,CH,Pacheon (Bow),259,2,9,74,976,7,23,5,80,15,44,440,4000,50,50,16,64,,att;cnsm;mc;getv;MAAT
SKILL_CH_BOW_CHAIN_B,3 Arrow Combo,CH,Pacheon (Bow),259,2,9,75,984,29,45,135,374,90,178,591,4000,50,50,64,171,,att;cnsm;mc;getv;MAAT
SKILL_CH_BOW_CHAIN_C,4 Arrow Combo,CH,Pacheon (Bow),259,2,9,76,3108,51,67,494,0,299,0,522,4000,50,50,159,376,,att;cnsm;mc;getv;MAAT
SKILL_CH_BOW_CHAIN_D,5 Arrow Combo,CH,Pacheon (Bow),259,2,9,7845,29684,73,89,1917,0,790,0,518,4000,54,45,338,754,"knockback[30,20]",att;cnsm;mc;ru;getv;MAAT
SKILL_CH_BOW_CHAIN_E,6 Arrow Combo,CH,Pacheon (Bow),259,2,9,7854,29693,94,110,8373,0,1782,0,518,4000,54,45,647,1392,"knockback[30,20]",att;cnsm;mc;ru;getv;MAAT
SKILL_CH_BOW_CHAIN_F,7 Arrow Combo,CH,Pacheon (Bow),259,2,3,7863,20491,116,120,23138,0,3817,0,524,4000,54,47,1218,1842,"knockback[30,20]",att;cnsm;mc;ru;getv;MAAT
SKILL_CH_BOW_CRITICAL_A,Anti Devil Bow - Missile,CH,Pacheon (Bow),259,2,9,71,952,5,21,2,62,21,68,300,4000,150,150,13,57,,att;cnsm;cr;getv;MAAT
SKILL_CH_BOW_CRITICAL_B,Anti Devil Bow - Wave,CH,Pacheon (Bow),259,2,9,72,960,27,43,117,336,122,247,800,4000,200,200,58,158,,att;cnsm;cr;getv;MAAT
SKILL_CH_BOW_CRITICAL_C,Anti Devil Bow - Steel,CH,Pacheon (Bow),259,2,9,73,968,49,65,449,1358,388,685,800,4000,250,250,147,351,,att;cnsm;cr;getv;MAAT
SKILL_CH_BOW_CRITICAL_D,Anti Devil Bow - Strike,CH,Pacheon (Bow),259,2,9,7821,7829,71,87,1752,4847,1012,1637,800,4000,250,250,317,709,,att;cnsm;cr;getv;MAAT
SKILL_CH_BOW_CRITICAL_E,Anti Devil Bow - Annihilate,CH,Pacheon (Bow),259,2,9,7830,7838,90,106,5675,16418,1852,2916,800,4000,250,250,574,1242,,att;cnsm;cr;getv;MAAT
SKILL_CH_BOW_CRITICAL_F,Anti Devil Bow - Demolition,CH,Pacheon (Bow),259,2,5,7839,7843,109,117,18040,24116,3282,4086,800,4000,250,250,1000,1695,,att;cnsm;cr;getv;MAAT
SKILL_CH_BOW_CRITICAL_G,Anti Devil Bow - Moon light,CH,Pacheon (Bow),259,2,1,7844,7844,120,120,27050,27050,4432,4432,800,4000,250,250,1362,1842,,att;cnsm;cr;getv;MAAT
SKILL_CH_BOW_NORMAL_A,Demon Soul Arrow,CH,Pacheon (Bow),259,2,5,83,1053,19,35,47,212,77,172,0,5000,,,,,,dura;ru;reqi
SKILL_CH_BOW_NORMAL_B,Bloody Soul Arrow,CH,Pacheon (Bow),259,2,5,84,1057,41,53,299,546,221,350,0,5000,,,,,,dura;ru;reqi
SKILL_CH_BOW_NORMAL_C,Dragon Soul Arrow,CH,Pacheon (Bow),259,2,5,3336,3340,63,75,856,2082,498,740,0,5000,,,,,,dura;ru;reqi
SKILL_CH_BOW_NORMAL_D,Phoenix Soul Arrow,CH,Pacheon (Bow),259,2,5,7903,7907,85,101,3927,13715,1011,1630,0,5000,,,,,,dura;ru;reqi
SKILL_CH_BOW_NORMAL_E,Ice Hawk Soul Arrow,CH,Pacheon (Bow),259,2,3,7908,7910,112,120,20012,27050,2233,2792,0,5000,,,,,,dura;ru;reqi
SKILL_CH_BOW_PASSIVE_A,Mind Concentration,CH,Pacheon (Bow),259,0,12,89,1100,10,120,9,27050,0,0,0,0,,,,,,hr
SKILL_CH_BOW_PIERCE_A,Autumn Wind - Flame,CH,Pacheon (Bow),259,2,9,80,1033,14,30,21,144,50,120,300,5000,150,150,28,90,,att;cnsm;efr;getv;MAAT
SKILL_CH_BOW_PIERCE_B,Autumn Wind - Snake,CH,Pacheon (Bow),259,2,9,81,1041,36,52,226,520,198,373,800,5000,200,200,87,223,,att;cnsm;efr;getv;MAAT
SKILL_CH_BOW_PIERCE_C,Autumn Wind - Blood,CH,Pacheon (Bow),259,2,9,82,1049,58,74,675,1999,559,957,800,5000,250,250,204,473,,att;cnsm;efr;getv;MAAT
SKILL_CH_BOW_PIERCE_D,Autumn Wind - Red,CH,Pacheon (Bow),259,2,9,7886,7894,80,96,2494,9013,1282,2044,800,5000,250,250,423,929,,att;cnsm;efr;getv;MAAT
SKILL_CH_BOW_PIERCE_E,Autumn Wind - Devil,CH,Pacheon (Bow),259,2,7,7895,7901,102,114,14256,21444,2422,3376,800,5000,250,250,818,1559,,att;cnsm;efr;getv;MAAT
SKILL_CH_BOW_PIERCE_F,Autumn Wind - Dragon,CH,Pacheon (Bow),259,2,1,7902,7902,120,120,27050,27050,4279,4279,800,5000,250,250,1362,1842,,att;cnsm;efr;getv;MAAT
SKILL_CH_BOW_POWER_A,Strong Bow - Spirit,CH,Pacheon (Bow),259,2,9,87,1081,31,47,158,412,230,449,800,8000,350,350,70,185,,att;cnsm;getv;MAAT
SKILL_CH_BOW_POWER_B,Strong Bow - Vision,CH,Pacheon (Bow),259,2,9,88,1089,54,70,571,1670,583,1011,800,8000,350,350,177,415,,att;cnsm;getv;MAAT
SKILL_CH_BOW_POWER_C,Strong Bow - Craft,CH,Pacheon (Bow),259,2,9,7923,7931,76,92,2164,6806,1227,2009,800,8000,350,350,372,825,,att;cnsm;ru;st;cr;getv;MAAT
SKILL_CH_BOW_POWER_D,Strong Bow - Will,CH,Pacheon (Bow),259,2,9,7932,7940,98,114,10811,21444,2399,3795,800,8000,350,350,728,1559,,att;cnsm;ru;st;cr;getv;MAAT
SKILL_CH_BOW_POWER_E,Strong Bow - Destruction,CH,Pacheon (Bow),259,2,1,7941,7941,120,120,27050,27050,4486,4486,800,8000,350,350,1362,1842,,att;cnsm;ru;st;cr;getv;MAAT
SKILL_CH_BOW_SPECIAL_A,Mind Bow - Flower,CH,Pacheon (Bow),259,2,6,7942,7947,25,45,98,374,121,293,300,8000,187,187,58,171,,att;cnsm;efr;getv;MAAT
SKILL_CH_BOW_SPECIAL_B,Mind Bow - Butterfly,CH,Pacheon (Bow),259,2,6,7948,7953,50,70,468,1670,384,773,300,8000,187,187,169,415,,att;cnsm;efr;getv;MAAT
SKILL_CH_BOW_SPECIAL_C,Mind Bow - Swift,CH,Pacheon (Bow),259,2,6,7954,7959,75,95,2082,8693,977,1812,300,8000,187,187,399,902,,att;cnsm;efr;getv;MAAT
SKILL_CH_BOW_SPECIAL_D,Mind Bow - Lighting,CH,Pacheon (Bow),259,2,6,7960,7965,100,120,13174,27050,2246,3973,300,8000,187,187,855,1843,,att;cnsm;efr;getv;MAAT
SKILL_CH_COLD_BINGBYEOK_A,Crystal Wall,CH,Cold,273,2,6,99,1168,17,32,35,172,165,360,1000,10000,,,,,,
SKILL_CH_COLD_BINGBYEOK_B,Snow Wall,CH,Cold,273,2,6,100,1173,37,52,239,520,449,810,1000,10000,,,,,,
SKILL_CH_COLD_BINGBYEOK_C,Extreme Wall,CH,Cold,273,2,6,101,1178,57,72,649,1834,970,1611,1000,10000,,,,,,
SKILL_CH_COLD_BINGBYEOK_D,Iceberg Wall,CH,Cold,273,2,10,8001,8010,77,104,2247,15337,1892,4267,1000,10000,,,,,,
SKILL_CH_COLD_BINGBYEOK_E,Spikey Wall,CH,Cold,273,2,4,8011,8014,111,120,19297,27050,5210,6702,1000,10000,,,,,,
SKILL_CH_COLD_BINGPAN_A,Frost Nova - Wind,CH,Cold,273,2,12,102,1189,23,56,80,623,232,936,1129,6000,,,,,"freeze[66,50] frostbite[66,100] tant[232,0]",efr
SKILL_CH_COLD_BINGPAN_B,Frost Nova - Woods,CH,Cold,273,2,12,103,1200,43,76,336,2164,718,2291,1129,6000,,,,,"freeze[106,50] frostbite[106,100] tant[574,0]",efr
SKILL_CH_COLD_BINGPAN_C,Frost Nova - Storm,CH,Cold,273,2,12,3380,3391,63,96,856,9013,1493,4224,1129,6000,,,,,"freeze[146,50] frostbite[146,100] tant[1195,0]",efr
SKILL_CH_COLD_BINGPAN_D,Frost Nova - Ice Field,CH,Cold,273,2,12,8015,8026,83,116,3091,23138,2853,7496,1129,6000,,,,,"freeze[186,50] frostbite[186,100] tant[2283,0]",efr
SKILL_CH_COLD_BINGPAN_E,Frost Nova - destruction,CH,Cold,273,2,3,8027,8029,114,120,21444,27050,7087,8377,1129,6000,,,,,"freeze[248,50] frostbite[248,100] tant[5670,0]",efr
SKILL_CH_COLD_GANGGI_A,Weak Guard of Ice,CH,Cold,273,2,9,93,1132,8,24,6,89,72,204,1000,2000,,,,,,dura;defp
SKILL_CH_COLD_GANGGI_B,Soft Guard of Ice,CH,Cold,273,2,9,94,1140,28,44,126,355,249,498,1500,2000,,,,,,dura;defp
SKILL_CH_COLD_GANGGI_C,Power Guard of Ice,CH,Cold,273,2,9,95,1148,48,64,431,1079,581,1030,1500,2000,,,,,,dura;defp
SKILL_CH_COLD_GANGGI_D,Might Guard of Ice,CH,Cold,273,2,15,3365,3379,68,96,1545,9013,1178,2816,1500,2000,,,,,,dura;defp
SKILL_CH_COLD_GANGGI_E,Final Guard of Ice,CH,Cold,273,2,10,7976,7985,102,120,14256,27050,3356,5585,1500,2000,,,,,,dura;defp
SKILL_CH_COLD_GIGONGJANG_A,Cold wave - Arrest,CH,Cold,273,2,6,96,1153,12,27,15,117,98,237,0,4000,,,,,"frostbite[44,100] tant[118,0]",
SKILL_CH_COLD_GIGONGJANG_B,Cold wave - Binding,CH,Cold,273,2,6,97,1158,32,47,172,412,300,559,0,4000,,,,,"frostbite[84,100] tant[360,0]",
SKILL_CH_COLD_GIGONGJANG_C,Cold wave - Shackle,CH,Cold,273,2,6,98,1163,52,67,520,1482,675,1139,0,4000,,,,,"frostbite[124,100] tant[810,0]",
SKILL_CH_COLD_GIGONGJANG_D,Cold Wave - Freeze,CH,Cold,273,2,10,7986,7995,72,99,1834,12765,1343,3075,0,4000,,,,,"frostbite[164,100] tant[1611,0]",
SKILL_CH_COLD_GIGONGJANG_E,Cold Wave - Soul,CH,Cold,273,2,5,7996,8000,106,118,16418,25094,3766,5283,0,4000,,,,,"frostbite[232,100] tant[4519,0]",
SKILL_CH_COLD_GIGONGSUL_A,Snow Storm - Ice shot,CH,Cold,273,2,18,104,1217,30,64,144,1079,348,1310,500,4000,250,250,62,352,"freeze[80,10] frostbite[80,30]",att;getv;MAAT
SKILL_CH_COLD_GIGONGSUL_B,Snow Storm - Ice rain,CH,Cold,273,2,18,105,1234,50,84,468,3790,1206,5273,1000,10000,300,300,143,671,"freeze[120,10] frostbite[120,30]",att;efr;getv;MAAT
SKILL_CH_COLD_GIGONGSUL_C,Snow Storm - Double Shot,CH,Cold,273,2,22,8030,8051,70,112,1670,20012,1654,7666,500,10000,250,250,121,643,"freeze[160,20] frostbite[160,40]",att;getv;MAAT
SKILL_CH_COLD_GIGONGSUL_D,Snow Storm - Multi Shot,CH,Cold,273,2,16,8074,8089,90,120,5675,27050,7243,17276,1000,10000,300,300,452,1608,"freeze[200,15] frostbite[200,30]",att;efr;getv;MAAT
SKILL_CH_COLD_GIGONGSUL_E,Snow Storm - destruction,CH,Cold,273,2,2,8090,8091,118,120,25094,27050,9077,9598,500,10000,250,250,507,804,"freeze[256,20] frostbite[256,40]",att;getv;MAAT
SKILL_CH_COLD_GIGONGTA_A,Ice River Force,CH,Cold,273,1,9,90,1108,5,21,2,62,52,166,0,6000,100,100,14,67,"freeze[32,5] frostbite[32,25]",dura;att;getv;MAAT
SKILL_CH_COLD_GIGONGTA_B,Ice Jade Force,CH,Cold,273,1,9,91,1116,25,41,98,299,206,424,0,7000,100,100,55,171,"freeze[74,5] frostbite[74,25]",dura;att;getv;MAAT
SKILL_CH_COLD_GIGONGTA_C,Ice Ocean Force,CH,Cold,273,1,9,92,1124,45,61,374,770,497,892,0,9000,100,100,134,361,"freeze[118,5] frostbite[118,25]",dura;att;getv;MAAT
SKILL_CH_COLD_GIGONGTA_D,Ice Cloud Force,CH,Cold,273,1,15,3350,3364,65,93,1358,7087,1023,2473,0,10000,100,100,276,1000,"freeze[162,5] frostbite[162,25]",dura;att;getv;MAAT
SKILL_CH_COLD_GIGONGTA_E,Ice Air Force,CH,Cold,273,1,9,7966,7974,98,114,10811,21444,2867,4536,0,11000,100,100,773,1834,"freeze[235,5] frostbite[235,25]",dura;att;getv;MAAT
SKILL_CH_COLD_GIGONGTA_F,Ice final Force,CH,Cold,273,1,1,7975,7975,120,120,27050,27050,5361,5361,0,12000,100,100,1445,2167,"freeze[286,5] frostbite[286,25]",dura;att;getv;MAAT
SKILL_CH_COLD_PASSIVE_A,Cold Armor,CH,Cold,273,0,12,106,1245,10,120,9,27050,0,0,0,0,,,,,,defp
SKILL_CH_COLD_SHIELD_A,Snow Shield - Novice,CH,Cold,273,2,6,8092,8097,20,35,53,212,98,206,0,180000,,,,,,dura
SKILL_CH_COLD_SHIELD_B,Snow Shield - Adept,CH,Cold,273,2,6,8098,8103,40,55,280,597,254,452,0,180000,,,,,,dura
SKILL_CH_COLD_SHIELD_C,Snow Shield - Freeze,CH,Cold,273,2,6,8104,8109,60,75,726,2082,539,887,0,180000,,,,,,dura
SKILL_CH_COLD_SHIELD_D,Snow Shield - Intensify,CH,Cold,273,2,6,8110,8115,80,95,2494,8693,1040,1640,0,180000,,,,,,dura
SKILL_CH_COLD_SHIELD_E,Snow Shield - Swift,CH,Cold,273,2,6,8116,8121,100,115,13174,22159,1900,2916,0,180000,,,,,,dura
SKILL_CH_COLD_SHIELD_F,Snow Shield _ Death,CH,Cold,273,2,1,8122,8122,120,120,27050,27050,3351,3351,0,180000,,,,,,dura
SKILL_CH_LIGHTNING_CHUNDUNG_A,Shock Lion Shout,CH,Lightning,274,2,9,116,1316,17,33,35,185,117,267,0,4000,100,100,46,196,,att;efr;getv;MAAT
SKILL_CH_LIGHTNING_CHUNDUNG_B,Heaven Lion Shout,CH,Lightning,274,2,9,117,1324,37,53,239,546,318,595,0,4000,100,100,126,437,,att;efr;getv;MAAT
SKILL_CH_LIGHTNING_CHUNDUNG_C,Earth Lion Shout,CH,Lightning,274,2,9,118,1332,57,73,649,1917,687,1235,0,3000,100,100,272,866,,att;efr;getv;MAAT
SKILL_CH_LIGHTNING_CHUNDUNG_D,Power Lion Shout,CH,Lightning,274,2,9,8156,8164,77,93,2247,7087,1511,3436,0,3000,100,100,530,1608,,att;efr;getv;MAAT
SKILL_CH_LIGHTNING_CHUNDUNG_E,Execution Lion Shout,CH,Lightning,274,2,9,8165,8173,98,114,10811,21444,3988,6328,0,3000,100,100,1004,2948,,att;efr;getv;MAAT
SKILL_CH_LIGHTNING_CHUNDUNG_F,God Lion Shout,CH,Lightning,274,2,1,8174,8174,120,120,27050,27050,7486,7486,0,3000,100,100,1877,3485,,att;efr;getv;MAAT
SKILL_CH_LIGHTNING_GIGONGTA_A,Thunder Tiger Force,CH,Lightning,274,1,9,107,1253,5,21,2,62,52,166,0,6000,100,100,14,81,"electric_shock[32,20,50]",dura;att;efr;getv;MAAT
SKILL_CH_LIGHTNING_GIGONGTA_B,Thunder Sky Force,CH,Lightning,274,1,9,108,1261,25,41,98,299,206,424,0,7000,100,100,54,206,"electric_shock[74,20,50]",dura;att;efr;getv;MAAT
SKILL_CH_LIGHTNING_GIGONGTA_C,Thunder King Force,CH,Lightning,274,1,9,109,1269,45,61,374,770,497,892,0,9000,100,100,130,434,"electric_shock[118,20,50]",dura;att;efr;getv;MAAT
SKILL_CH_LIGHTNING_GIGONGTA_D,Thunder Dragon Force,CH,Lightning,274,1,15,3392,3406,65,93,1358,7087,1023,2473,0,10000,100,100,268,1203,"electric_shock[162,20,50]",dura;att;efr;getv;MAAT
SKILL_CH_LIGHTNING_GIGONGTA_E,Thunder Phoenix Force,CH,Lightning,274,1,9,8123,8131,98,114,10811,21444,2867,4536,0,11000,100,100,751,2205,"electric_shock[235,25,50]",dura;att;efr;getv;MAAT
SKILL_CH_LIGHTNING_GIGONGTA_F,Thunder God Force,CH,Lightning,274,1,1,8132,8132,120,120,27050,27050,5361,5361,0,12000,100,100,1404,2607,"electric_shock[286,30,50]",dura;att;efr;getv;MAAT
SKILL_CH_LIGHTNING_GWANTONG_A,Must - Piercing Force,CH,Lightning,274,2,3,110,1271,8,14,6,21,72,113,1000,3000,,,,,,dura
SKILL_CH_LIGHTNING_GWANTONG_B,Flow - Piercing Force,CH,Lightning,274,2,3,111,1273,28,34,126,199,249,328,1500,3000,,,,,,dura
SKILL_CH_LIGHTNING_GWANTONG_C,Speed - Piercing Force,CH,Lightning,274,2,3,112,1275,48,54,431,571,581,726,1500,3000,,,,,,dura
SKILL_CH_LIGHTNING_GWANTONG_D,Force - Piercing Force,CH,Lightning,274,2,3,3407,3409,68,88,1545,5338,1178,2217,1500,3000,,,,,,dura
SKILL_CH_LIGHTNING_GWANTONG_E,God - Piercing Force,CH,Lightning,274,2,3,8133,8135,102,120,14256,27050,3356,5585,1500,3000,,,,,,dura
SKILL_CH_LIGHTNING_GYEONGGONG_A,Grass Walk - Flow,CH,Lightning,274,1,12,113,1286,12,45,15,374,98,518,0,2000,,,,,,dura
SKILL_CH_LIGHTNING_GYEONGGONG_B,Ghost Walk - phantom,CH,Lightning,274,2,12,114,1297,32,65,172,1358,225,799,0,5000,,,,,,
SKILL_CH_LIGHTNING_GYEONGGONG_C,Grass Walk - Speed,CH,Lightning,274,1,12,115,1308,52,85,520,3927,675,2023,0,2000,,,,,,dura
SKILL_CH_LIGHTNING_GYEONGGONG_D,Ghost Walk - Shadow,CH,Lightning,274,2,8,8136,8143,72,114,1834,21444,1007,3544,0,5000,,,,,,
SKILL_CH_LIGHTNING_GYEONGGONG_E,Ghost Walk - God,CH,Lightning,274,1,8,8148,8155,92,120,6806,27050,2501,5585,0,2000,,,,,,dura
SKILL_CH_LIGHTNING_JIPJUNG_A,Concentration - 1st,CH,Lightning,274,2,6,119,1337,23,38,80,253,116,234,1000,4000,,,,,,dura;er
SKILL_CH_LIGHTNING_JIPJUNG_B,Concentration - 2nd,CH,Lightning,274,2,6,120,1342,43,58,336,675,287,502,1000,4000,,,,,,dura;er
SKILL_CH_LIGHTNING_JIPJUNG_C,Concentration - 3rd,CH,Lightning,274,2,6,3410,3415,63,78,856,2329,597,976,1000,4000,,,,,,dura;er
SKILL_CH_LIGHTNING_JIPJUNG_D,Concentration - 4th,CH,Lightning,274,2,9,8175,8183,83,107,3091,16959,1141,2325,1000,4000,,,,,,dura;er
SKILL_CH_LIGHTNING_JIPJUNG_E,Concentration - 5th,CH,Lightning,274,2,3,8184,8186,114,120,21444,27050,2835,3351,1000,4000,,,,,,dura;er
SKILL_CH_LIGHTNING_PASSIVE_A,Heaven's Force,CH,Lightning,274,0,12,123,1369,10,120,9,27050,0,0,0,0,,,,,,er
SKILL_CH_LIGHTNING_STORM_A,Wolf's Thunderbolt,CH,Lightning,274,2,9,121,1350,30,46,144,393,407,801,500,6000,250,250,115,420,,att;efr;getv;MAAT
SKILL_CH_LIGHTNING_STORM_B,Tiger's Thunderbolt,CH,Lightning,274,2,9,122,1358,50,66,468,1420,1083,1904,1000,6000,300,300,263,859,,att;efr;getv;MAAT
SKILL_CH_LIGHTNING_STORM_C,Horse's Thunderbolt,CH,Lightning,274,2,9,8187,8195,70,86,1670,4689,2047,5189,1000,6000,300,300,528,1627,,att;efr;getv;MAAT
SKILL_CH_LIGHTNING_STORM_D,Crane's Thunderbolt,CH,Lightning,274,2,9,8196,8204,90,106,5675,16418,6277,10073,1000,6000,300,300,989,2938,,att;efr;getv;MAAT
SKILL_CH_LIGHTNING_STORM_E,God's Thunderbolt,CH,Lightning,274,2,3,8205,8207,116,120,23138,27050,13388,14972,1000,6000,300,300,2099,4356,,att;efr;getv;MAAT
SKILL_CH_FIRE_DESCRY_A,Fire Combustion - Firefly,CH,Fire,275,2,5,8312,8316,30,70,144,1670,274,1258,1000,180000,,,,,,dura;efr
SKILL_CH_FIRE_DESCRY_B,Fire Combustion - Light,CH,Fire,275,2,5,8317,8321,80,120,2494,27050,1733,5585,1000,180000,,,,,,dura;efr
SKILL_CH_FIRE_DETECT_A,Vision Fire Combustion,CH,Fire,275,2,7,21209,21215,30,90,144,5675,274,2355,1000,180000,,,,,,dura;efr
SKILL_CH_FIRE_DETECT_B,Sunrise combustion,CH,Fire,275,2,3,21216,21218,100,120,13174,27050,3167,5585,1000,180000,,,,,,dura;efr
SKILL_CH_FIRE_GANGGI_A,Basic Fire protection,CH,Fire,275,2,9,133,1422,17,33,35,185,137,314,1000,5000,,,,,,dura;defp
SKILL_CH_FIRE_GANGGI_B,Divine Fire protection,CH,Fire,275,2,9,134,1430,37,53,239,546,374,700,1500,5000,,,,,,dura;defp
SKILL_CH_FIRE_GANGGI_C,Hard Fire protection,CH,Fire,275,2,9,135,1438,57,73,649,1917,808,1387,1500,5000,,,,,,dura;defp
SKILL_CH_FIRE_GANGGI_D,Earth Fire Protection,CH,Fire,275,2,15,8224,8238,77,105,2247,15878,1576,3660,1500,5000,,,,,,dura;defp
SKILL_CH_FIRE_GANGGI_E,God Fire Protection,CH,Fire,275,2,6,8239,8244,110,120,18581,27050,4221,5585,1500,5000,,,,,,dura;defp
SKILL_CH_FIRE_GIGONGSUL_A,Flame Wave - Arrow,CH,Fire,275,2,18,138,1465,30,64,144,1079,348,1310,500,4000,250,250,123,773,,att;getv;MAAT
SKILL_CH_FIRE_GIGONGSUL_B,Flame Wave - Burning,CH,Fire,275,2,18,139,1482,43,77,336,2247,820,3031,1000,6000,300,300,215,1182,,att;efr;getv;MAAT
SKILL_CH_FIRE_GIGONGSUL_C,Flame Wave - Wide,CH,Fire,275,2,18,140,1499,56,90,623,5675,1501,7968,1000,10000,300,330,281,1766,"burn[132,25,56]",att;efr;getv;MAAT
SKILL_CH_FIRE_GIGONGSUL_D,Flame Wave - Bomb,CH,Fire,275,2,22,141,8277,70,112,1670,20012,1754,8049,500,4000,263,263,566,3350,,att;getv;MAAT
SKILL_CH_FIRE_GIGONGSUL_E,Flame Wave - HellFire,CH,Fire,275,2,19,8278,8296,83,119,3091,26072,4507,15289,1000,6000,315,315,856,4074,"burn[186,25,83]",att;efr;getv;MAAT
SKILL_CH_FIRE_GIGONGSUL_F,Flame Wave - Disintegrate,CH,Fire,275,2,13,8297,8309,96,120,9013,27050,9541,19003,1000,10000,330,330,1267,4189,"burn[212,25,96]",att;efr;getv;MAAT
SKILL_CH_FIRE_GIGONGSUL_G,Flame Wave - God,CH,Fire,275,2,2,8310,8311,118,120,25094,27050,9531,10077,500,4000,263,263,2378,4189,"burn[256,25,118]",att;getv;MAAT
SKILL_CH_FIRE_GIGONGTA_A,River Fire force,CH,Fire,275,1,9,124,1377,5,21,2,62,52,166,0,6000,100,100,17,92,"burn[32,25,1]",dura;att;getv;MAAT
SKILL_CH_FIRE_GIGONGTA_B,Extreme Fire force,CH,Fire,275,1,9,125,1385,25,41,98,299,206,424,0,7000,100,100,68,233,"burn[74,25,21]",dura;att;getv;MAAT
SKILL_CH_FIRE_GIGONGTA_C,Poison Fire force,CH,Fire,275,1,9,126,1393,45,61,374,770,497,892,0,9000,100,100,164,491,"burn[118,25,41]",dura;att;getv;MAAT
SKILL_CH_FIRE_GIGONGTA_D,Soul Fire force,CH,Fire,275,1,15,3416,3430,65,93,1358,7087,1023,2473,0,10000,100,100,338,1360,"burn[162,25,63]",dura;att;getv;MAAT
SKILL_CH_FIRE_GIGONGTA_E,Cloud Fire force,CH,Fire,275,1,9,8208,8216,98,114,10811,21444,2867,4536,0,11000,100,100,946,2495,"burn[235,25,96]",dura;att;getv;MAAT
SKILL_CH_FIRE_GIGONGTA_F,God Fire Force,CH,Fire,275,1,1,8217,8217,120,120,27050,27050,5361,5361,0,12000,100,100,1769,2949,"burn[286,25,118]",dura;att;getv;MAAT
SKILL_CH_FIRE_GONGUP_A,Flame body - Wisdom,CH,Fire,275,2,3,130,1410,12,24,15,89,98,204,1000,5000,,,,,,dura
SKILL_CH_FIRE_GONGUP_B,Flame body - Power,CH,Fire,275,2,3,131,1412,32,44,172,355,300,498,1500,5000,,,,,,dura
SKILL_CH_FIRE_GONGUP_C,Flame body - Extreme,CH,Fire,275,2,3,132,1414,52,64,520,1079,675,1030,1500,5000,,,,,,dura
SKILL_CH_FIRE_GONGUP_D,Flame Body - Trial,CH,Fire,275,2,3,8218,8220,72,92,1834,6806,1343,2501,1500,5000,,,,,,dura
SKILL_CH_FIRE_GONGUP_E,Flame Body - God,CH,Fire,275,2,3,8221,8223,106,120,16418,27050,3766,5585,1500,5000,,,,,,dura
SKILL_CH_FIRE_HWABYEOK_A,Fire Wall - Tower,CH,Fire,275,2,6,136,1443,23,38,80,253,232,468,1000,5000,,,,,,
SKILL_CH_FIRE_HWABYEOK_B,Fire Wall - Mountain,CH,Fire,275,2,6,137,1448,43,58,336,675,574,1005,1500,5000,,,,,,
SKILL_CH_FIRE_HWABYEOK_C,Fire Wall - Castle,CH,Fire,275,2,6,3441,3446,63,78,856,2329,1195,1953,1500,5000,,,,,,
SKILL_CH_FIRE_HWABYEOK_D,Fire Wall - Fortress,CH,Fire,275,2,6,8245,8250,83,98,3091,10811,2283,3584,1500,5000,,,,,,
SKILL_CH_FIRE_HWABYEOK_E,Fire Wall - God,CH,Fire,275,2,6,8251,8256,103,118,14796,25094,4146,6340,1500,5000,,,,,,
SKILL_CH_FIRE_PASSIVE_A,Flame Devil Force,CH,Fire,275,0,12,142,1510,10,120,9,27050,0,0,0,0,,,,,,
SKILL_CH_FIRE_SHIELD_A,Fire Shield - Phoenix,CH,Fire,275,2,6,127,1398,8,23,6,80,72,193,0,5000,,,,,,dura;reqi
SKILL_CH_FIRE_SHIELD_B,Fire Shield - Flower,CH,Fire,275,2,6,128,1403,28,43,126,336,249,479,0,5000,,,,,,dura;reqi
SKILL_CH_FIRE_SHIELD_C,Fire Shield - King,CH,Fire,275,2,6,129,1408,48,63,431,856,581,996,0,5000,,,,,,dura;reqi
SKILL_CH_FIRE_SHIELD_D,Fire Shield - Emperor,CH,Fire,275,2,6,3431,3436,68,118,1545,25094,1178,3698,0,5000,,,,,,dura;reqi
SKILL_CH_WATER_CANCEL_A,Vital Spot - Muscle,CH,Force (Water),276,2,12,157,1609,30,110,144,18581,110,1688,0,2000,,,,,"tant[329,0]",dura
SKILL_CH_WATER_CANCEL_B,Vital Spot - Spirit,CH,Force (Water),276,2,10,158,1618,50,115,468,22159,251,1944,0,2000,,,,,"tant[752,0]",dura
SKILL_CH_WATER_CANCEL_C,Vital Spot - Body,CH,Force (Water),276,2,7,8394,8400,60,120,726,27050,359,2234,0,20000,,,,,"tant[1078,0]",
SKILL_CH_WATER_CANCEL_D,Vital Spot - Mind,CH,Force (Water),276,2,6,8401,8406,70,120,1670,27050,503,2234,0,20000,,,,,"tant[1510,0]",
SKILL_CH_WATER_CANCEL_E,Vital Spot - Zero,CH,Force (Water),276,2,5,8407,8411,80,120,2494,27050,693,2234,0,20000,,,,,"tant[2079,0]",
SKILL_CH_WATER_CANCEL_F,Vital Spot - Brain,CH,Force (Water),276,2,4,8412,8415,90,120,5675,27050,942,2234,0,20000,,,,,"tant[2826,0]",
SKILL_CH_WATER_CANCEL_G,Vital Spot - Faint,CH,Force (Water),276,2,2,8416,8417,110,120,18581,27050,1688,2234,0,20000,,,,,"tant[5065,0]",st
SKILL_CH_WATER_CUREAREA_A,Cure Therapy - Pure,CH,Force (Water),276,2,3,20492,20494,30,50,144,468,149,342,1000,30000,,,,,,efr
SKILL_CH_WATER_CUREAREA_B,Cure Therapy - Protection,CH,Force (Water),276,2,3,20495,20497,60,80,726,2494,490,945,1000,30000,,,,,,efr
SKILL_CH_WATER_CUREAREA_C,Cure Therapy - Clarity,CH,Force (Water),276,2,4,20498,20501,90,120,5675,27050,1285,3046,1000,30000,,,,,,efr
SKILL_CH_WATER_CURE_A,Force Cure - Poison,CH,Force (Water),276,2,6,146,1539,8,23,6,80,29,77,1,2100,,,,,,
SKILL_CH_WATER_CURE_B,Force Cure - Body,CH,Force (Water),276,2,6,147,1544,28,43,126,336,100,191,1,2100,,,,,,
SKILL_CH_WATER_CURE_C,Force Cure - Condiion,CH,Force (Water),276,2,6,148,1549,48,63,431,856,232,398,1,2100,,,,,,
SKILL_CH_WATER_CURE_D,Force Cure - Vital,CH,Force (Water),276,2,6,3462,3467,68,83,1545,3091,471,761,1,2100,,,,,,
SKILL_CH_WATER_CURE_E,Force Cure - Meditation,CH,Force (Water),276,2,6,8342,8347,88,103,5338,14796,887,1382,1,2100,,,,,,
SKILL_CH_WATER_CURE_F,Force Cure - overall,CH,Force (Water),276,2,5,8348,8352,108,120,17500,27050,1595,2234,1,2100,,,,,,
SKILL_CH_WATER_HARMONY_A,Harmony Therapy,CH,Force (Water),276,2,6,155,1593,23,38,80,253,193,390,1000,300000,,,,,,dura;efr
SKILL_CH_WATER_HARMONY_B,Adaptation Therapy,CH,Force (Water),276,2,6,156,1598,43,58,336,675,479,837,1000,300000,,,,,,dura;efr
SKILL_CH_WATER_HARMONY_C,Whole Therapy,CH,Force (Water),276,2,6,3468,3473,63,78,856,2329,996,1627,1000,300000,,,,,,dura;efr
SKILL_CH_WATER_HARMONY_D,Source Therapy,CH,Force (Water),276,2,6,8385,8390,83,103,3091,14796,1902,3455,1000,300000,,,,,,dura;efr
SKILL_CH_WATER_HARMONY_E,Main Therapy,CH,Force (Water),276,2,3,8391,8393,116,120,23138,27050,4997,5585,1000,300000,,,,,,dura;efr
SKILL_CH_WATER_HEAL_A,Heal - Medical Hand,CH,Force (Water),276,2,9,149,1557,12,28,15,126,74,187,1000,3000,,,,,,heal
SKILL_CH_WATER_HEAL_B,Heal - Ghost Hand,CH,Force (Water),276,2,9,150,1565,32,48,172,431,225,436,1000,3000,,,,,,heal
SKILL_CH_WATER_HEAL_C,Heal - Taoist Hand,CH,Force (Water),276,2,9,151,1573,52,68,520,1545,506,883,1000,3000,,,,,,heal
SKILL_CH_WATER_HEAL_D,Heal - Mysterious Hand,CH,Force (Water),276,2,9,8353,8361,72,88,1834,5338,1007,1663,1000,3000,,,,,,efr;heal
SKILL_CH_WATER_HEAL_E,Heal - Full Hand,CH,Force (Water),276,2,9,8362,8370,94,110,8373,18581,1991,3166,1000,3000,,,,,,efr;heal
SKILL_CH_WATER_HEAL_F,Heal - overall,CH,Force (Water),276,2,3,8371,8373,116,120,23138,27050,3748,4189,1000,3000,,,,,,efr;heal
SKILL_CH_WATER_PASSIVE_A,Force Increasing,CH,Force (Water),276,0,12,159,1629,10,120,9,27050,0,0,0,0,,,,,,
SKILL_CH_WATER_RESURRECTION_A,Soul Rebirth Art,CH,Force (Water),276,2,6,152,1578,17,32,35,172,137,300,2000,4000,,,,,,heal
SKILL_CH_WATER_RESURRECTION_B,Ghost Rebirth Art,CH,Force (Water),276,2,6,153,1583,37,52,239,520,374,675,2000,4000,,,,,,heal
SKILL_CH_WATER_RESURRECTION_C,Spirit Rebirth Art,CH,Force (Water),276,2,6,154,1588,57,72,649,1834,808,1343,2500,4500,,,,,,heal
SKILL_CH_WATER_RESURRECTION_D,Return Rebirth Art,CH,Force (Water),276,2,6,8374,8379,77,97,2247,9333,1576,2900,2500,4500,,,,,,heal
SKILL_CH_WATER_RESURRECTION_E,Godly Rebirth Art,CH,Force (Water),276,2,4,8380,8383,102,110,14256,18581,3356,4221,2500,4500,,,,,,heal
SKILL_CH_WATER_SELFHEAL_A,Self Breathe Heal,CH,Force (Water),276,2,9,143,1518,5,21,2,62,16,52,1,2100,,,,,,heal
SKILL_CH_WATER_SELFHEAL_B,Self Force Heal,CH,Force (Water),276,2,9,144,1526,25,41,98,299,64,132,1,2100,,,,,,heal
SKILL_CH_WATER_SELFHEAL_C,Self Wounds Heal,CH,Force (Water),276,2,9,145,1534,45,61,374,770,155,279,1,2100,,,,,,heal
SKILL_CH_WATER_SELFHEAL_D,Self Vital Heal,CH,Force (Water),276,2,15,3447,3461,65,93,1358,7087,320,773,1,2100,,,,,,heal
SKILL_CH_WATER_SELFHEAL_E,Self Breathing Heal,CH,Force (Water),276,2,9,8332,8340,98,114,10811,21444,896,1417,1,2100,,,,,,heal
SKILL_CH_WATER_SELFHEAL_F,God Heal,CH,Force (Water),276,2,1,8341,8341,120,120,27050,27050,1675,1675,1,2100,,,,,,heal
SKILL_EU_FORTRESSWEAPON,SKILL_EU_FORTRESSWEAPON,EU,Character,1,2,1,21229,21229,42,42,0,0,0,0,0,1200,0,0,0,0,,att;mc
SKILL_EU_AXE_BASE,SKILL_EU_AXE_BASE_01,EU,Warrior (One-handed),513,2,1,8421,8421,0,0,0,0,0,0,0,1500,73,73,0,0,,att;mc;getv;getv
SKILL_EU_SWORD_BASE,SKILL_EU_SWORD_BASE_01,EU,Warrior (One-handed),513,2,1,8419,8419,0,0,0,0,0,0,0,1333,123,123,0,0,,att;mc;getv
SKILL_EU_TSWORD_BASE,SKILL_EU_TSWORD_BASE_01,EU,Warrior (One-handed),513,2,1,8420,8420,0,0,0,0,0,0,0,2000,217,217,0,0,,att;mc;getv
SKILL_EU_WARRIOR_DUALA_COUNTER_A,Dual Counter,EU,Warrior (One-handed),513,2,12,9251,31117,20,64,53,0,67,0,460,4000,42,111,66,510,"down_attack[150] taunt[137,150]",att;mc;efr;getv;getv
SKILL_EU_WARRIOR_DUALA_COUNTER_B,Deadly Counter,EU,Warrior (One-handed),513,2,13,9275,9313,70,118,1670,0,564,0,0,4000,89,86,510,2615,"down_attack[150] taunt[2237,150]",att;mc;efr;getv;getv
SKILL_EU_WARRIOR_DUALA_CROSS_A,Down Cross,EU,Warrior (One-handed),513,2,30,9146,9175,4,120,2,27050,14,852,1251,2466,192,192,20,2765,"down_attack[150] taunt[186,150]",att;mc;getv;getv
SKILL_EU_WARRIOR_DUALA_STUN_A,Axis Quiver,EU,Warrior (One-handed),513,2,6,9245,9250,15,115,24,22159,41,1164,928,20000,,,,,"taunt[242,0]",efr;st
SKILL_EU_WARRIOR_DUALA_TWIST_A,Double Twist,EU,Warrior (One-handed),513,2,12,9176,9199,10,54,9,0,45,0,415,6000,131,84,34,359,"bleed[30000,25,1,10,20] taunt[221,150]",att;mc;st;getv;getv
SKILL_EU_WARRIOR_DUALA_TWIST_B,Sudden Twist,EU,Warrior (One-handed),513,2,15,9200,9244,60,116,726,0,105,0,0,6000,68,136,364,2474,"bleed[30000,20,6,108,20] taunt[1226,150]",att;mc;st;getv;getv
SKILL_EU_WARRIOR_DUALA_WHIRLWIND_A,Crisis Rush,EU,Warrior (One-handed),513,2,9,9314,9331,40,72,280,0,153,0,632,4000,39,145,172,665,"taunt[334,150]",att;mc;efr;getv;getv
SKILL_EU_WARRIOR_DUALA_WHIRLWIND_B,Crutial Rush,EU,Warrior (One-handed),513,2,11,9332,9353,80,120,2494,0,661,0,0,4000,50,79,702,2765,"taunt[1718,150]",att;mc;efr;getv;getv
SKILL_EU_WARRIOR_DUALP_ABNORMAL_A,Protection,EU,Warrior (One-handed),513,0,10,9117,9126,30,120,144,27050,0,0,0,0,,,,,,reqi
SKILL_EU_WARRIOR_DUALP_ATTACK_A,Dual Arms,EU,Warrior (One-handed),513,0,30,9076,9105,4,120,2,27050,0,0,0,0,,,,,setv[],
SKILL_EU_WARRIOR_DUALP_HITRATE_A,Accuracy,EU,Warrior (One-handed),513,0,11,9106,9116,20,120,53,27050,0,0,0,0,,,,,setv[],
SKILL_EU_WARRIOR_FRENZYA_DAMAGE_A,Warcry,EU,Warrior (One-handed),513,2,19,9057,9075,10,118,9,25094,11,421,500,20000,,,,,,dura;reqi
SKILL_EU_WARRIOR_FRENZYA_DEFENSE_A,Dual Defense,EU,Warrior (One-handed),513,0,19,9127,9145,10,118,9,25094,0,0,0,0,,,,,,defp;reqi
SKILL_EU_WARRIOR_FRENZYA_DETECT_A,Descry,EU,Warrior (One-handed),513,2,10,8469,8478,30,120,144,27050,53,889,500,180000,,,,,,dura;efr;reqi;reqi;reqi
SKILL_EU_WARRIOR_FRENZYA_HEALTH_A,Vital Increase,EU,Warrior (One-handed),513,2,17,8452,8468,20,116,53,23138,52,1197,500,120000,,,,,"taunt[0,300]",dura;reqi;reqi;reqi
SKILL_EU_WARRIOR_FRENZYA_MASICAL_BLOCK_A,Mana Skin,EU,Warrior (One-handed),513,2,11,8516,8526,60,120,726,27050,154,889,0,120000,,,,,,dura;defp;reqi;reqi;reqi
SKILL_EU_WARRIOR_FRENZYA_PHYSICAL_BLOCK_A,Iron Skin,EU,Warrior (One-handed),513,2,14,8502,8515,40,118,280,25094,77,842,0,120000,,,,,,dura;defp;reqi;reqi;reqi
SKILL_EU_WARRIOR_FRENZYA_TOUNT_A,Taunting Target,EU,Warrior (One-handed),513,2,19,8422,8440,10,118,9,25094,11,421,0,5000,,,,,"taunt[1016,0]",efr;reqi;reqi;reqi
SKILL_EU_WARRIOR_FRENZYA_TOUNT_AREA_A,Howling Shout,EU,Warrior (One-handed),513,2,11,8441,8451,60,120,726,27050,231,1334,0,10000,,,,,"taunt[10776,0]",efr;reqi;reqi;reqi
SKILL_EU_WARRIOR_FRENZYA_TOUNT_SPRINT_A,Sprint Assault,EU,Warrior (One-handed),513,2,23,8479,8501,30,118,144,25094,79,1263,0,7000,46,46,111,2615,"knockback[40,40] taunt[252,0]",att;mc;st;getv;MAAT;reqi;reqi;reqi
SKILL_EU_WARRIOR_GUARDA_AGGRO_A,Protect,EU,Warrior (One-handed),513,2,14,8561,8574,40,118,280,25094,39,421,0,2000,,,,,,dura;reqi;reqi;reqi
SKILL_EU_WARRIOR_GUARDA_ALL_BLOCK_A,Ultimate Screen,EU,Warrior (One-handed),513,2,6,8594,8599,90,120,5675,27050,577,1334,0,180000,,,,,,dura;defp;reqi;reqi;reqi
SKILL_EU_WARRIOR_GUARDA_DIVIDE_A,Pain Quota,EU,Warrior (One-handed),513,2,5,8527,8531,20,100,53,13174,17,256,0,2000,,,,,,dura;reqi;reqi;reqi
SKILL_EU_WARRIOR_GUARDA_INTERCEPT_A,Physical Screen,EU,Warrior (One-handed),513,2,10,8575,8584,60,114,726,21444,154,755,0,180000,,,,,,dura;defp;reqi;reqi;reqi
SKILL_EU_WARRIOR_GUARDA_MAGIC_A,Magical Fence,EU,Warrior (One-handed),513,2,14,8547,8560,40,118,280,25094,39,421,0,2000,,,,,,dura;reqi;reqi;reqi
SKILL_EU_WARRIOR_GUARDA_MAGIC_BLOCK_A,Morale Screen,EU,Warrior (One-handed),513,2,9,21219,21227,70,118,1670,25094,212,842,0,180000,,,,,,dura;defp;reqi;reqi;reqi
SKILL_EU_WARRIOR_GUARDA_PHYSICAL_A,Physical Fence,EU,Warrior (One-handed),513,2,15,8532,8546,30,114,144,21444,26,378,0,2000,,,,,,dura;reqi;reqi;reqi
SKILL_EU_WARRIOR_ONEHANDA_CRITICAL_A,Berserker,EU,Warrior (One-handed),513,2,9,8804,8821,40,72,280,0,144,0,0,4000,153,96,172,665,"taunt[1293,150]",att;mc;getv
SKILL_EU_WARRIOR_ONEHANDA_CRITICAL_B,Daring Berserker,EU,Warrior (One-handed),513,2,11,8822,8854,80,120,2494,0,820,0,764,4000,81,117,702,2765,"taunt[2809,150]",att;mc;getv
SKILL_EU_WARRIOR_ONEHANDA_PIERCE_A,Double Stab,EU,Warrior (One-handed),513,2,12,8741,8764,20,64,53,0,47,0,0,4000,104,81,66,510,"down_attack[150] taunt[340,150]",att;mc;getv
SKILL_EU_WARRIOR_ONEHANDA_PIERCE_B,Cunning Stab,EU,Warrior (One-handed),513,2,13,8765,8803,70,118,1670,0,511,0,861,4000,106,114,510,2615,"down_attack[150] taunt[2655,150]",att;mc;getv
SKILL_EU_WARRIOR_ONEHANDA_SHIELD_A,Shield Trash,EU,Warrior (One-handed),513,2,12,8699,8710,10,54,9,571,44,262,0,4000,138,138,34,359,"knockback[80,80] sleep[20000,40,1] taunt[234,150]",att;mc;efr;getv;reqi
SKILL_EU_WARRIOR_ONEHANDA_SHIELD_B,Shield Crush,EU,Warrior (One-handed),513,2,15,8711,8740,60,116,726,0,425,0,0,4000,97,87,364,2474,"sleep[20000,25,6] taunt[1746,150]",att;mc;efr;getv;reqi
SKILL_EU_WARRIOR_ONEHANDA_STRIKE_A,Slash,EU,Warrior (One-handed),513,2,30,8671,30169,4,120,2,27050,11,682,0,2166,153,153,20,2765,"down_attack[150] taunt[149,150]",att;mc;getv
SKILL_EU_WARRIOR_SHIELDP_ATTACK_A,One-Handed Arms,EU,Warrior (One-handed),513,0,30,8600,8629,4,120,2,27050,0,0,0,0,,,,,setv[],
SKILL_EU_WARRIOR_SHIELDP_BLOCK_A,Blockade,EU,Warrior (One-handed),513,0,11,8650,8660,20,120,53,27050,0,0,0,0,,,,,,reqi
SKILL_EU_WARRIOR_SHIELDP_CRITICALDOWN_A,Critical Void,EU,Warrior (One-handed),513,0,10,8661,8670,30,120,144,27050,0,0,0,0,,,,,,reqi
SKILL_EU_WARRIOR_SHIELDP_DEFENSE_A,Power Shield,EU,Warrior (One-handed),513,0,20,8630,8649,6,120,4,27050,0,0,0,0,,,,,,defp;reqi
SKILL_EU_WARRIOR_TWOHANDA_CHARGE_A,Charge Swing,EU,Warrior (One-handed),513,2,12,8963,8986,20,64,53,0,65,0,0,4000,150,103,66,510,"down_attack[150] taunt[490,150]",att;mc;getv
SKILL_EU_WARRIOR_TWOHANDA_CHARGE_B,Triple Swing,EU,Warrior (One-handed),513,2,13,8987,9025,70,118,1670,0,544,0,0,4000,139,110,510,2615,"down_attack[150] taunt[3486,150]",att;mc;getv
SKILL_EU_WARRIOR_TWOHANDA_CRY_A,Maddening,EU,Warrior (One-handed),513,2,9,9026,9034,40,72,280,1834,377,1097,2163,4000,487,487,172,665,"knockback[50,30] taunt[4133,150]",att;mc;efr;getv
SKILL_EU_WARRIOR_TWOHANDA_CRY_B,Dare Devil,EU,Warrior (One-handed),513,2,11,9035,9056,80,120,2494,0,1311,0,2340,5000,305,305,702,2765,"knockback[30,50] taunt[10557,150]",att;mc;efr;getv
SKILL_EU_WARRIOR_TWOHANDA_DASH_A,Bash,EU,Warrior (One-handed),513,2,30,8906,8935,4,120,2,27050,30,1781,1300,2966,267,267,20,2765,"knockback[35,50] down_attack[150] taunt[260,150]",att;mc;efr;getv
SKILL_EU_WARRIOR_TWOHANDA_RISING_A,Turn Rising,EU,Warrior (One-handed),513,2,28,8936,30170,10,118,9,25094,26,1051,0,4000,208,208,34,2615,"knockdown[10,50] taunt[352,150]",att;mc;getv
SKILL_EU_WARRIOR_TWOHANDP_ATTACK_A,Two-Handed Arms,EU,Warrior (One-handed),513,0,30,8855,8884,4,119,2,26072,0,0,0,0,,,,,setv[],
SKILL_EU_WARRIOR_TWOHANDP_CRITICALUP_A,Concentration,EU,Warrior (One-handed),513,0,11,8885,8895,20,120,53,27050,0,0,0,0,,,,,,cr;reqi
SKILL_EU_WARRIOR_TWOHANDP_RETURN_A,Damage Return,EU,Warrior (One-handed),513,0,10,8896,8905,30,120,144,27050,0,0,0,0,,,,,,reqi
SKILL_EU_STAFF_BASE,SKILL_EU_STAFF_BASE_01,EU,Wizard,514,2,1,9944,9944,0,0,0,0,0,0,934,1666,180,180,0,0,,att;mc;getv;MAAT
SKILL_EU_WIZARD_COLDA_AREA_A,Snow Wind,EU,Wizard,514,2,14,10169,10182,20,72,53,1834,275,2442,1334,10500,325,325,106,1064,"freeze[60,20] frostbite[60,80]",att;mc;efr;getv;getv;getv
SKILL_EU_WIZARD_COLDA_AREA_B,Blizzard,EU,Wizard,514,2,10,10183,10192,80,116,2494,23138,3163,8155,1334,10500,325,325,1123,3760,"freeze[180,20] frostbite[180,80]",att;mc;efr;getv;getv;getv
SKILL_EU_WIZARD_COLDA_INVISIBLE_A,Invisible,EU,Wizard,514,2,10,10193,10202,30,120,144,27050,109,2379,425,10000,,,,,,dura;getv;reqi
SKILL_EU_WIZARD_COLDA_INVISIBLE_B,Crystal Invisible,EU,Wizard,514,2,5,10203,10207,80,120,2494,27050,1946,6345,425,120000,,,,,,efr;dura;getv
SKILL_EU_WIZARD_COLDA_MANADRY_A,Mana Drain,EU,Wizard,514,2,11,10153,10163,16,116,30,23138,65,2836,0,15000,,,,,"tant[155,0]",getv;getv
SKILL_EU_WIZARD_COLDA_MANADRY_B,Mana Drought,EU,Wizard,514,2,5,10164,10168,76,116,2164,23138,1284,4254,0,30000,,,,,"tant[1833,0]",efr;getv;getv
SKILL_EU_WIZARD_COLDA_POINT_A,Ice Bolt,EU,Wizard,514,2,13,10110,10122,4,52,2,520,27,504,834,4000,271,271,32,535,"freeze[28,10] frostbite[28,40]",att;mc;getv;getv;getv
SKILL_EU_WIZARD_COLDA_POINT_B,Frozen Spear,EU,Wizard,514,2,15,10123,10152,60,116,726,0,288,0,1538,4000,116,116,582,3760,"freeze[140,10] frostbite[140,40]",att;mc;getv;getv;getv
SKILL_EU_WIZARD_EARTHA_ABNORMAL_A,Root,EU,Wizard,514,2,11,10033,10043,16,116,30,23138,65,2836,834,15000,,,,,"tant[155,0]",getv;getv
SKILL_EU_WIZARD_EARTHA_ABNORMAL_B,Mesh Root,EU,Wizard,514,2,5,10044,10048,76,116,2164,23138,1284,4254,834,30000,,,,,"tant[1833,0]",efr;getv;getv
SKILL_EU_WIZARD_EARTHA_AREA_A,Earth Shock,EU,Wizard,514,2,14,10049,10062,20,72,53,1834,330,2931,1334,10500,390,390,106,1064,"sleep[20000,30,2]",att;mc;efr;getv;getv;getv
SKILL_EU_WIZARD_EARTHA_AREA_B,Earth Quake,EU,Wizard,514,2,11,10063,10073,80,120,2494,27050,3796,12373,1334,10500,390,390,1123,4202,"sleep[20000,30,8]",att;mc;efr;getv;getv;getv
SKILL_EU_WIZARD_EARTHA_GUARD_A,Earth Barrier,EU,Wizard,514,2,3,10074,10076,30,70,144,1670,219,1055,0,60000,,,,,,efr;dura;getv
SKILL_EU_WIZARD_EARTHA_GUARD_B,Earth Fence,EU,Wizard,514,2,3,10077,10079,80,120,2494,27050,1460,4758,0,60000,,,,,,efr;dura;getv
SKILL_EU_WIZARD_EARTHA_POINT_A,Ground Charge,EU,Wizard,514,2,13,10005,10017,4,52,2,520,50,908,834,4000,325,325,32,535,,att;mc;efr;getv;getv
SKILL_EU_WIZARD_EARTHA_POINT_B,Ground Rave,EU,Wizard,514,2,15,10018,10032,60,116,726,23138,1216,6913,834,4000,325,325,582,3760,,att;mc;efr;getv;getv
SKILL_EU_WIZARD_FIREA_DETECT_A,Detect,EU,Wizard,514,2,5,10485,10489,30,70,144,1670,146,703,0,10000,,,,,,dura;efr;getv;reqi
SKILL_EU_WIZARD_FIREA_DETECT_B,Sprawl Detect,EU,Wizard,514,2,5,10490,10494,80,120,2494,27050,973,3172,0,10000,,,,,,dura;efr;getv;reqi
SKILL_EU_WIZARD_FIREA_POINT_A,Fire Bolt,EU,Wizard,514,2,30,10238,10267,4,120,2,27050,37,5799,834,4000,366,366,32,4202,"burn[28,20,4]",att;mc;getv;getv;getv
SKILL_EU_WIZARD_FIREA_POINT_B,Meteor,EU,Wizard,514,2,15,10268,10282,60,116,726,23138,2189,12444,1334,10500,439,439,582,3760,"burn[140,30,60]",att;mc;efr;getv;getv;getv
SKILL_EU_WIZARD_FIREA_SPRAY_A,Fire Blow,EU,Wizard,514,2,14,10310,10407,20,72,53,0,354,0,0,30000,167,167,106,1064,"burn[60,30,20]",att;mc;efr;getv;getv;getv
SKILL_EU_WIZARD_FIREA_SPRAY_B,Salamander Blow,EU,Wizard,514,2,11,10408,10484,80,120,2494,0,4555,0,0,30000,167,167,1123,4202,"burn[180,30,80]",att;mc;efr;getv;getv;getv
SKILL_EU_WIZARD_FIREA_TRAP_A,Fire Trap,EU,Wizard,514,2,14,10283,10296,10,62,9,813,177,2349,1334,30000,439,439,55,762,"burn[40,30,10]",dura;efr;att;efr;getv;getv;getv
SKILL_EU_WIZARD_FIREA_TRAP_B,Lava Trap,EU,Wizard,514,2,13,10297,10309,70,118,1670,25094,3086,13163,1334,30000,439,439,815,4185,"burn[160,60,70]",dura;efr;att;efr;getv;getv;getv
SKILL_EU_WIZARD_MANAP_DECREASE_A,Intelligence,EU,Wizard,514,0,8,9945,9952,10,115,9,22159,0,0,0,0,,,,,setv[],
SKILL_EU_WIZARD_MANAP_RANGE_A,Magic Bound,EU,Wizard,514,0,5,9953,9957,40,120,280,27050,0,0,0,0,,,,,setv[],
SKILL_EU_WIZARD_MENTALA_DAMAGEUP_A,Life Control,EU,Wizard,514,2,8,9958,9965,20,62,53,813,126,801,2000,20000,,,,,,dura;getv;reqi
SKILL_EU_WIZARD_MENTALA_DAMAGEUP_B,Life Turnover,EU,Wizard,514,2,7,9966,9972,72,108,1834,17500,1125,3387,2000,20000,,,,,,dura;getv;reqi
SKILL_EU_WIZARD_PSYCHICA_AREA_A,Charged Wind,EU,Wizard,514,2,14,10569,10596,20,72,53,0,206,0,834,10500,41,41,106,1064,"electric_shock[60,10,50] knockback[80,20]",att;mc;efr;getv;getv
SKILL_EU_WIZARD_PSYCHICA_AREA_B,Charged Squall,EU,Wizard,514,2,11,10597,10618,80,120,2494,0,5014,0,834,10500,86,86,1123,4202,"electric_shock[180,10,50] knockback[80,20]",att;mc;efr;getv;getv
SKILL_EU_WIZARD_PSYCHICA_LIGHT_A,Lightning Bolt,EU,Wizard,514,2,13,10525,10537,4,52,2,520,33,605,834,4000,217,217,32,535,"electric_shock[28,15,50]",att;mc;efr;getv;getv;getv
SKILL_EU_WIZARD_PSYCHICA_LIGHT_B,Chain Lightning,EU,Wizard,514,2,15,10538,10552,60,116,726,23138,810,4609,834,4000,217,217,582,3760,"electric_shock[140,15,50]",att;mc;efr;getv;getv;getv
SKILL_EU_WIZARD_PSYCHICA_TELEPORT_A,Teleport,EU,Wizard,514,2,3,10619,10621,30,70,144,1670,219,1055,0,5000,,,,,,getv
SKILL_EU_WIZARD_PSYCHICA_TELEPORT_B,Aerial Teleport,EU,Wizard,514,2,3,10622,10624,80,120,2494,27050,1460,4758,0,5000,,,,,,getv
SKILL_EU_WIZARD_PSYCHICA_UNTOUCH_A,Lightning Shock,EU,Wizard,514,2,11,10553,10563,16,116,30,23138,65,2836,834,20000,,,,,"tant[155,0]",getv
SKILL_EU_WIZARD_PSYCHICA_UNTOUCH_B,Lightning Impact,EU,Wizard,514,2,5,10564,10568,76,116,2164,23138,1284,4254,1334,40000,,,,,"tant[1833,0]",efr;getv
SKILL_EU_WIZARD_SPIRITP_COLD_A,Cold Spirit,EU,Wizard,514,0,30,10080,10109,4,120,2,27050,0,0,0,0,,,,,setv[],
SKILL_EU_WIZARD_SPIRITP_EARTH_A,Earth Spirit,EU,Wizard,514,0,30,9975,10004,4,120,2,27050,0,0,0,0,,,,,setv[],
SKILL_EU_WIZARD_SPIRITP_FIRE_A,Fire Spirit,EU,Wizard,514,0,30,10208,10237,4,120,2,27050,0,0,0,0,,,,,setv[],
SKILL_EU_WIZARD_SPIRITP_PSYCHIC_A,Lightning Spirit,EU,Wizard,514,0,30,10495,10524,4,120,2,27050,0,0,0,0,,,,,setv[],
SKILL_EU_CROSSBOW_BASE,SKILL_EU_CROSSBOW_BASE_01,EU,Rogue,515,2,1,9354,9354,0,0,0,0,0,0,553,1333,116,116,0,0,,att;mc;cnsm;getv;getv
SKILL_EU_DAGGER_BASE,SKILL_EU_DAGGER_BASE_01,EU,Rogue,515,2,1,9355,9355,0,0,0,0,0,0,0,1000,54,54,0,0,,att;mc;getv;getv;getv
SKILL_EU_ROG_BOWA_FAST_A,Fast Shot,EU,Rogue,515,2,12,9563,9574,10,54,9,571,5,32,0,733,51,51,34,359,,att;mc;ru;cnsm;getv;getv
SKILL_EU_ROG_BOWA_FAST_B,Rapid Shot,EU,Rogue,515,2,15,9575,9589,60,116,726,23138,78,404,0,733,51,51,364,2474,,att;mc;ru;cnsm;efr;getv;getv
SKILL_EU_ROG_BOWA_KNOCK_A,Blast Shot,EU,Rogue,515,2,9,9615,9623,40,72,280,1834,125,362,1000,6000,215,215,172,665,"knockdown[40,50]",att;mc;cnsm;getv;getv
SKILL_EU_ROG_BOWA_KNOCK_B,Hurricane Shot,EU,Rogue,515,2,11,9624,9645,80,120,2494,0,559,0,967,6000,130,130,702,2765,,att;mc;cnsm;getv;getv
SKILL_EU_ROG_BOWA_POWER_A,Power Shot,EU,Rogue,515,2,11,9518,9528,4,44,2,355,12,77,934,4000,173,173,20,246,"knockback[50,50] down_attack[150]",att;mc;cnsm;getv;getv
SKILL_EU_ROG_BOWA_POWER_B,Intense Shot,EU,Rogue,515,2,17,9529,9562,50,114,468,0,95,0,467,4000,87,87,254,2339,down_attack[150],att;mc;cnsm;getv;getv
SKILL_EU_ROG_BOWA_RANGE_A,Long Shot,EU,Rogue,515,2,12,9590,9601,20,64,53,1079,110,560,934,6000,320,320,66,510,,att;mc;ru;cnsm;getv;getv
SKILL_EU_ROG_BOWA_RANGE_B,Distance Shot,EU,Rogue,515,2,13,9602,9614,70,118,1670,25094,676,2694,934,6000,320,320,510,2615,,att;mc;ru;cnsm;getv;getv
SKILL_EU_ROG_BOWP_ABSORB_A,Avoid,EU,Rogue,515,0,11,9490,9500,20,120,53,27050,0,0,0,0,,,,,,reqi
SKILL_EU_ROG_BOWP_DAMAGE_A,Crossbow Power Up,EU,Rogue,515,0,30,9455,9484,4,120,2,27050,0,0,0,0,,,,,setv[],
SKILL_EU_ROG_BOWP_MAD_BOW_UP_A,Crossbow Extreme,EU,Rogue,515,2,17,9501,9517,20,116,53,23138,52,1197,0,20000,,,,,,dura;reqi
SKILL_EU_ROG_BOWP_RANGE_A,Wide Sight,EU,Rogue,515,0,5,9485,9489,10,110,9,18581,0,0,0,0,,,,,setv[],
SKILL_EU_ROG_DAGGERA_CHAIN_A,Spinning,EU,Rogue,515,2,30,9744,9773,4,120,2,27050,12,770,0,3000,87,87,20,2765,,att;mc;getv;getv;getv
SKILL_EU_ROG_DAGGERA_SCREW_A,Screw,EU,Rogue,515,2,26,9846,9871,20,120,53,27050,44,1155,762,10000,173,173,66,2765,,att;mc;st;getv;getv;getv
SKILL_EU_ROG_DAGGERA_SLASH_A,Combo Blow,EU,Rogue,515,2,9,9872,9889,40,72,280,0,252,0,0,10000,80,165,172,665,"sleep[20000,15,4]",att;mc;getv;getv;getv
SKILL_EU_ROG_DAGGERA_SLASH_B,Butterfly Blow,EU,Rogue,515,2,11,9890,9922,80,120,2494,0,932,0,0,10000,62,91,702,2765,"sleep[20000,12,8]",att;mc;getv;getv;getv
SKILL_EU_ROG_DAGGERA_SPEED_A,Scud,EU,Rogue,515,1,12,9834,9845,10,120,9,27050,30,2379,0,120000,,,,,,dura
SKILL_EU_ROG_DAGGERA_WOUND_A,Wounds,EU,Rogue,515,2,12,9774,9785,10,54,9,571,27,164,0,7000,87,87,34,359,"bleed[30000,25,1,10,20] down_attack[150]",att;mc;getv;getv;getv
SKILL_EU_ROG_DAGGERA_WOUND_B,Mortal Wounds,EU,Rogue,515,2,16,9786,9833,60,120,726,0,399,0,0,7000,102,155,364,2765,"bleed[30000,20,6,108,20] down_attack[150]",att;mc;getv;getv;getv
SKILL_EU_ROG_POISONA_BLADE_A,Poison Weapons,EU,Rogue,515,1,6,9402,9407,14,64,21,1079,26,175,0,6000,0,0,0,0,"poison?[48,20,27]",dura;att;getv;getv;getv;reqi;reqi
SKILL_EU_ROG_POISONA_BLADE_B,Vein Weapon,EU,Rogue,515,1,5,9408,9412,74,114,1999,21444,239,755,0,10000,0,0,0,0,"poison?[168,20,344]",dura;att;getv;getv;getv;reqi;reqi
SKILL_EU_ROG_POISONA_FIELD_A,Poison Trap,EU,Rogue,515,2,6,9432,9437,44,94,355,8373,179,864,2000,60000,,,,,"poison?[108,80,120]",dura;efr;getv;getv;reqi;reqi
SKILL_EU_ROG_POISONA_FIELD_B,Vein Trap,EU,Rogue,515,2,2,9438,9439,104,114,15337,21444,1146,1511,2000,60000,,,,,"poison?[228,80,853]",dura;efr;getv;getv;reqi;reqi
SKILL_EU_ROG_POISONA_GUARD_A,Poison Circle,EU,Rogue,515,2,5,9413,9417,28,68,126,1545,146,596,2000,60000,,,,,,dura;efr;reqi;reqi
SKILL_EU_ROG_POISONA_GUARD_B,Vein Circle,EU,Rogue,515,2,5,9418,9422,78,118,2329,25094,810,2527,2000,60000,,,,,,dura;efr;reqi;reqi
SKILL_EU_ROG_POISONA_ROUND_A,Poison Field,EU,Rogue,515,2,6,9423,9428,36,86,226,4689,67,343,1000,7000,,,,,"poison?[92,80,86]",efr;getv;getv;reqi;reqi
SKILL_EU_ROG_POISONA_ROUND_B,Bane Field,EU,Rogue,515,2,3,9429,9431,96,116,9013,23138,457,798,1000,7000,,,,,"poison?[212,80,676]",efr;getv;getv;reqi;reqi
SKILL_EU_ROG_POIS_DAGP_DAGGAR_UP_A,Dagger Desperate,EU,Rogue,515,2,17,9688,9704,20,116,53,23138,52,1197,0,20000,,,,,,dura;reqi
SKILL_EU_ROG_POIS_DAGP_DAMAGE_A,Dagger Power Up,EU,Rogue,515,0,30,9646,9675,4,120,2,27050,0,0,0,0,,,,,setv[],
SKILL_EU_ROG_POIS_DAGP_HITRATE_A,Hawk Eye,EU,Rogue,515,0,12,9676,9687,10,120,9,27050,0,0,0,0,,,,,setv[],
SKILL_EU_ROG_POIS_DAGP_MAINTAIN_A,Venom Extension,EU,Rogue,515,0,7,9716,9722,30,120,144,27050,0,0,0,0,,,,,setv[],
SKILL_EU_ROG_POIS_DAGP_POISON_A,Poison Power Up,EU,Rogue,515,0,11,9705,9715,20,120,53,27050,0,0,0,0,,,,,setv[] setv[],
SKILL_EU_ROG_STEALTHA_ATTACK_A,Prick,EU,Rogue,515,2,21,9923,9943,40,120,280,27050,290,3336,1442,14000,375,375,172,2765,"bleed[30000,30,4,51,20]",att;mc;st;getv;getv;getv
SKILL_EU_ROG_STEALTHA_CHANGE_A,Scorn,EU,Rogue,515,2,5,9366,9370,15,115,24,22159,27,776,0,30000,,,,,,dura;reqi;reqi
SKILL_EU_ROG_STEALTHA_CHANGE_B,Gross Scorn,EU,Rogue,515,2,3,9371,9373,55,105,597,15878,261,1179,0,40000,,,,,,dura;efr;reqi;reqi
SKILL_EU_ROG_STEALTHA_DETECT_A,Destealth,EU,Rogue,515,2,5,9384,9388,30,70,144,1670,26,106,0,10000,,,,,,dura;efr;reqi;reqi
SKILL_EU_ROG_STEALTHA_DETECT_B,Intensive Destealth,EU,Rogue,515,2,5,9389,9393,80,120,2494,27050,143,445,0,10000,,,,,,dura;efr;reqi;reqi
SKILL_EU_ROG_STEALTHA_HIDING_A,Stealth,EU,Rogue,515,2,5,9374,9378,30,70,144,1670,53,212,140,20000,,,,,,dura;getv;getv;reqi;reqi
SKILL_EU_ROG_STEALTHA_HIDING_B,Intensive Stealth,EU,Rogue,515,2,5,9379,9383,80,120,2494,27050,287,889,140,20000,,,,,,dura;getv;getv;reqi;reqi
SKILL_EU_ROG_STEALTHA_POINT_A,Tag Point,EU,Rogue,515,2,4,9394,9397,40,70,280,1670,116,317,0,10000,,,,,,dura;reqi;reqi
SKILL_EU_ROG_STEALTHA_POINT_B,Hunting Point,EU,Rogue,515,2,4,9398,9401,90,120,5675,27050,577,1334,0,10000,,,,,,dura;reqi;reqi
SKILL_EU_ROG_STEALTHP_DAMAGE_A,Stealth Dagger,EU,Rogue,515,0,16,9723,9738,30,120,144,27050,0,0,0,0,,,,,setv[],
SKILL_EU_ROG_STEALTHP_MSPEED_A,Quick Step,EU,Rogue,515,0,5,9739,9743,40,120,280,27050,0,0,0,0,,,,,setv[],
SKILL_EU_ROG_STEALTHP_TIME_A,Stealth Extension,EU,Rogue,515,0,10,9356,9365,30,120,144,27050,0,0,0,0,,,,,setv[],
SKILL_EU_ROG_TRANSFORMA_DUPLE_A,Duplicate,EU,Rogue,515,2,3,9451,9453,40,80,280,2494,116,430,0,20000,,,,,,dura;reqi;reqi
SKILL_EU_ROG_TRANSFORMA_DUPLE_B,Sable Duplicate,EU,Rogue,515,2,1,9454,9454,100,100,13174,13174,768,768,0,20000,,,,,,dura;reqi;reqi
SKILL_EU_ROG_TRANSFORMA_MASK_A,Monster Mask,EU,Rogue,515,2,5,9440,9444,20,60,53,726,52,231,0,600000,,,,,,
SKILL_EU_ROG_TRANSFORMA_MASK_B,Beast Mask,EU,Rogue,515,2,6,9445,9450,70,120,1670,27050,317,1334,0,600000,,,,,,
SKILL_EU_WAND_WARLOCK_BASE,SKILL_EU_WAND_WARLOCK_BASE_01,EU,Warlock,516,2,1,10625,10625,0,0,0,0,0,0,801,1666,153,153,0,0,,att;mc;getv;MAAT
SKILL_EU_WARLOCK_BLOODA_EXPLOSION_A,Bloody Trap,EU,Warlock,516,2,8,10966,10973,44,114,355,21444,408,4021,0,5000,,,,,,getv
SKILL_EU_WARLOCK_BLOODA_EXPLOSION_B,Death Trap,EU,Warlock,516,2,4,10974,10977,84,114,3790,21444,2207,5361,668,15000,,,,,,efr;getv
SKILL_EU_WARLOCK_BLOODA_LIFEDRAIN_A,Vampire Touch,EU,Warlock,516,2,30,11046,30189,4,120,2,27050,20,3172,668,5000,,,,,"drain?[20000,80,2,20]",getv
SKILL_EU_WARLOCK_BLOODA_LIFEDRAIN_B,Vampire Kiss,EU,Warlock,516,2,18,11057,11074,50,118,468,25094,345,4500,668,20000,,,,,"drain?[20000,80,6,20]",efr;getv
SKILL_EU_WARLOCK_BLOODA_POINT_A,Blood Flower,EU,Warlock,516,2,30,10918,10947,4,120,2,27050,22,3406,1000,3000,215,215,32,4423,,att;mc;getv
SKILL_EU_WARLOCK_BLOODA_POINT_B,Death Flower,EU,Warlock,516,2,18,10948,10965,50,118,468,25094,556,4831,1000,7000,215,215,406,4185,,att;mc;efr;getv
SKILL_EU_WARLOCK_BLOODP_DAMAGE_A,Red Flower,EU,Warlock,516,0,30,10878,10907,4,120,2,27050,0,0,0,0,,,,,setv[],
SKILL_EU_WARLOCK_BLOODP_INCREASE_A,Blood Aim,EU,Warlock,516,0,30,11016,11045,4,120,2,27050,0,0,0,0,,,,,setv[] setv[],
SKILL_EU_WARLOCK_BLOODP_TRAPDAMAGE_A,Trap Booster,EU,Warlock,516,0,10,10908,10917,30,120,144,27050,0,0,0,0,,,,,setv[],
SKILL_EU_WARLOCK_CONFUSIONA_AGGROLOW_A,Mirage,EU,Warlock,516,2,6,11149,11154,40,70,280,1670,346,1055,334,10000,,,,,,efr
SKILL_EU_WARLOCK_CONFUSIONA_AGGROLOW_B,Phantasma,EU,Warlock,516,2,7,11155,11161,80,116,2494,23138,1460,4254,334,10000,,,,,,efr
SKILL_EU_WARLOCK_CONFUSIONA_HEAL_A,Wheel Bind,EU,Warlock,516,2,10,11135,11144,24,114,89,21444,107,2680,0,5000,,,,,"tant[244,0]",
SKILL_EU_WARLOCK_CONFUSIONA_HEAL_B,Recovery Bind,EU,Warlock,516,2,4,11145,11148,84,114,3790,21444,1655,4021,668,10000,,,,,"tant[2354,0]",efr
SKILL_EU_WARLOCK_CONFUSIONA_ILLUSION_A,Illusion,EU,Warlock,516,2,4,11008,11011,40,70,280,1670,230,703,0,300000,,,,,"tant[509,0]",dura;reqi
SKILL_EU_WARLOCK_CONFUSIONA_ILLUSION_B,Shade Illusion,EU,Warlock,516,2,4,11012,11015,80,110,2494,18581,973,2392,0,300000,,,,,"tant[2079,0]",dura;reqi
SKILL_EU_WARLOCK_CONFUSIONA_RANGE_A,Fog Sight,EU,Warlock,516,2,10,10994,11003,24,114,89,21444,107,2680,0,5000,,,,,"tant[244,0]",
SKILL_EU_WARLOCK_CONFUSIONA_RANGE_B,Curse Sight,EU,Warlock,516,2,4,11004,11007,84,114,3790,21444,1655,4021,668,15000,,,,,"tant[2354,0]",efr
SKILL_EU_WARLOCK_DOTA_BLOODING_A,Decayed,EU,Warlock,516,2,25,10752,10776,20,116,53,23138,87,2925,0,3000,37,37,106,3958,"bleed[10000,25,2,20,20]",dura;att;mc;getv;getv
SKILL_EU_WARLOCK_DOTA_BLOODING_B,Dark Decayed,EU,Warlock,516,2,13,10777,10789,70,118,1670,25094,1450,6188,334,10000,37,37,763,3958,"bleed[10000,25,7,151,20]",dura;att;mc;efr;getv;getv
SKILL_EU_WARLOCK_DOTA_BURN_A,Blaze,EU,Warlock,516,2,29,10661,10689,4,116,2,23138,21,2925,0,3000,37,37,32,3958,"burn[28,20,4]",dura;att;mc;getv;getv
SKILL_EU_WARLOCK_DOTA_BURN_B,Dark Blaze,EU,Warlock,516,2,18,10690,10707,50,118,468,25094,712,6188,668,10000,37,37,377,3958,"burn[120,20,50]",dura;att;mc;efr;getv;getv
SKILL_EU_WARLOCK_DOTA_DISEASE_A,Curse Breath,EU,Warlock,516,2,21,10790,10810,40,120,280,27050,238,3272,0,3000,37,37,253,4185,"sleep[20000,25,4]",dura;att;mc;getv;getv
SKILL_EU_WARLOCK_DOTA_DISEASE_B,Dark Breath,EU,Warlock,516,2,11,10811,10821,80,120,2494,27050,2006,6544,668,10000,37,37,1054,4185,"sleep[20000,25,8]",dura;att;mc;efr;getv;getv
SKILL_EU_WARLOCK_DOTA_POISON_A,Toxin,EU,Warlock,516,2,28,10708,10735,10,118,9,25094,41,3094,0,3000,37,37,55,4185,"poison?[40,25,20]",dura;att;mc;getv;getv
SKILL_EU_WARLOCK_DOTA_POISON_B,Toxin Invasion,EU,Warlock,516,2,16,10736,10751,60,120,726,27050,1028,6544,334,10000,37,37,543,4185,"poison?[140,25,216]",dura;att;mc;efr;getv;getv
SKILL_EU_WARLOCK_MINDP_DAMAGE_A,Dark Seed,EU,Warlock,516,0,30,10626,10655,4,120,2,27050,0,0,0,0,,,,,setv[],
SKILL_EU_WARLOCK_MINDP_MAINTAIN_A,Strap,EU,Warlock,516,0,5,10656,10660,20,120,53,27050,0,0,0,0,,,,,setv[],reqi
SKILL_EU_WARLOCK_RAZEA_INT_A,Courage Raze,EU,Warlock,516,2,8,10867,10874,44,114,355,21444,408,4021,0,2000,,,,,"tant[598,0]",
SKILL_EU_WARLOCK_RAZEA_INT_B,Courage Ravage,EU,Warlock,516,2,3,10875,10877,98,118,10811,25094,3376,6000,334,7000,,,,,"tant[3584,0]",efr
SKILL_EU_WARLOCK_RAZEA_MAGICAL_A,Medical Raze,EU,Warlock,516,2,10,10839,10848,24,114,89,21444,160,4021,0,2000,,,,,"tant[244,0]",
SKILL_EU_WARLOCK_RAZEA_MAGICAL_B,Magical Ravage,EU,Warlock,516,2,5,10849,10853,76,116,2164,23138,1712,5672,1000,7000,,,,,"tant[1833,0]",efr
SKILL_EU_WARLOCK_RAZEA_PHYSICAL_A,Physical Raze,EU,Warlock,516,2,11,10822,10832,12,112,15,20012,72,3799,0,2000,,,,,"tant[118,0]",
SKILL_EU_WARLOCK_RAZEA_PHYSICAL_B,Physical Ravage,EU,Warlock,516,2,6,10833,10838,64,114,1079,21444,1147,5361,668,7000,,,,,"tant[1236,0]",efr
SKILL_EU_WARLOCK_RAZEA_STR_A,Combat Raze,EU,Warlock,516,2,9,10854,10862,32,112,172,20012,241,3799,0,2000,,,,,"tant[360,0]",
SKILL_EU_WARLOCK_RAZEA_STR_B,Combat Ravage,EU,Warlock,516,2,4,10863,10866,84,114,3790,21444,2207,5361,334,7000,,,,,"tant[2354,0]",efr
SKILL_EU_WARLOCK_SOULA_CHAOS_A,Shadow Armor,EU,Warlock,516,2,12,11075,11086,20,64,53,1079,285,1937,0,20000,,,,,,dura;efr;reqi;getv
SKILL_EU_WARLOCK_SOULA_CHAOS_B,Dusk Armor,EU,Warlock,516,2,13,11087,11099,70,118,1670,25094,1968,8400,0,20000,,,,,,dura;efr;reqi;getv
SKILL_EU_WARLOCK_SOULA_MEZ_A,Slumber,EU,Warlock,516,2,11,11119,11129,16,116,30,23138,65,2836,0,10000,,,,,"tant[155,0]",
SKILL_EU_WARLOCK_SOULA_MEZ_B,Deep Slumber,EU,Warlock,516,2,5,11130,11134,76,116,2164,23138,1284,4254,668,20000,,,,,"tant[1833,0]",efr
SKILL_EU_WARLOCK_SOULA_RETURN_A,Reflect,EU,Warlock,516,2,9,11110,30194,40,120,280,27050,230,3172,0,120000,,,,,,dura;reqi
SKILL_EU_WARLOCK_SOULA_RETURN_B,Advanced Reflect,EU,Warlock,516,2,5,11114,11118,80,120,2494,27050,973,4758,334,120000,,,,,,efr;dura
SKILL_EU_WARLOCK_SOULA_STUNLINK_A,Scream Mask,EU,Warlock,516,2,10,11100,11109,24,114,89,21444,107,2680,0,2000,,,,,,dura;st;reqi
SKILL_EU_WARLOCK_SOULA_STUN_A,Daze,EU,Warlock,516,2,11,10978,10988,16,116,30,23138,65,2836,0,10000,,,,,"tant[155,0]",st
SKILL_EU_WARLOCK_SOULA_STUN_B,Wrath Daze,EU,Warlock,516,2,5,10989,10993,76,116,2164,23138,1284,4254,668,20000,,,,,"tant[1833,0]",efr;st
SKILL_EU_BARD_BATTLAA_DAMAGE_A,Horror Chord,EU,Bard,517,2,30,11219,11248,4,120,2,27050,18,2921,0,2500,184,184,32,4423,,att;mc;getv;getv
SKILL_EU_BARD_BATTLAA_DAMAGE_B,Weird Chord,EU,Bard,517,2,16,11249,11264,60,120,726,27050,919,5842,0,4000,184,184,582,4423,,att;mc;efr;getv;getv
SKILL_EU_BARD_BATTLAA_EXPLOSION_A,Booming Chord,EU,Bard,517,2,15,11265,30197,20,76,53,2164,312,3154,0,7000,368,368,106,1209,,att;mc;efr;getv;getv
SKILL_EU_BARD_BATTLAA_EXPLOSION_B,Booming Wave,EU,Bard,517,2,11,11277,11287,80,120,2494,27050,3585,11685,0,7000,368,368,1123,4423,,att;mc;efr;getv;getv
SKILL_EU_BARD_BATTLAA_GUARD_A,Guard Tambour,EU,Bard,517,2,11,11302,11312,20,120,53,27050,63,2379,0,10000,,,,,,efr;getv;getv;getv;reqi
SKILL_EU_BARD_BATTLAA_GUARD_B,Mana Tambour,EU,Bard,517,2,10,11313,11322,30,120,144,27050,109,2379,0,10000,,,,,,efr;getv;getv;getv;reqi
SKILL_EU_BARD_BATTLAA_MPSTEAL_A,Mana Switch,EU,Bard,517,2,21,30198,30218,40,120,280,27050,458,6032,0,1500,,,,,,dura;getv;reqi
SKILL_EU_BARD_BATTLAA_ROOT_A,Holding Clamor,EU,Bard,517,2,11,11342,11352,14,114,21,21444,56,1340,0,15000,,,,,"tant[136,0]",getv
SKILL_EU_BARD_BATTLAA_ROOT_B,Patter Clamor,EU,Bard,517,2,5,11353,11357,76,116,2164,23138,1284,4254,0,30000,,,,,"tant[1833,0]",efr;getv
SKILL_EU_BARD_DANACEP_DEFENSE_A,Screen Dance,EU,Bard,517,0,6,11482,11487,40,115,280,22159,0,0,0,0,,,,,setv[],
SKILL_EU_BARD_DANACEP_MANA_A,Music Life,EU,Bard,517,0,11,11201,11211,20,120,53,27050,0,0,0,0,,,,,setv[],
SKILL_EU_BARD_DANACEP_RANGE_A,Tripping,EU,Bard,517,0,7,11475,11481,30,120,144,27050,0,0,0,0,,,,,setv[],
SKILL_EU_BARD_DANCEA_CASTER_A,Dancing of Magic,EU,Bard,517,2,5,11499,11503,30,70,144,1670,109,527,1510,10000,,,,,reqc[32],efr;getv;getv;getv;reqi
SKILL_EU_BARD_DANCEA_CASTER_B,Dancing of Wizardry,EU,Bard,517,2,5,11504,11508,80,120,2494,27050,730,2379,1510,10000,,,,,reqc[32],efr;getv;getv;getv;reqi
SKILL_EU_BARD_DANCEA_CLERIC_A,Dancing of Healing,EU,Bard,517,2,5,11509,11513,40,80,280,2494,173,730,1510,10000,,,,,reqc[32],efr;getv;getv;getv;reqi
SKILL_EU_BARD_DANCEA_CLERIC_B,Dancing of Vitality,EU,Bard,517,2,4,11514,11517,90,120,5675,27050,995,2379,1510,10000,,,,,reqc[32],efr;getv;getv;getv;reqi
SKILL_EU_BARD_DANCEA_ROG_A,Dancing of Mana,EU,Bard,517,2,5,11518,11522,50,90,468,5675,259,995,1510,10000,,,,,reqc[32],efr;getv;getv;getv;reqi
SKILL_EU_BARD_DANCEA_ROG_B,Dancing of Mentality,EU,Bard,517,2,3,11523,11525,100,120,13174,27050,1343,2379,1510,10000,,,,,reqc[32],efr;getv;getv;getv;reqi
SKILL_EU_BARD_DANCEA_WARRIOR_A,Dancing of Valor,EU,Bard,517,2,5,11488,11492,20,60,53,726,63,374,1510,10000,,,,,reqc[32],efr;getv;getv;getv;reqi
SKILL_EU_BARD_DANCEA_WARRIOR_B,Dancing of Fight,EU,Bard,517,2,6,11493,11498,70,120,1670,27050,527,2379,1510,10000,,,,,reqc[32],efr;getv;getv;getv;reqi
SKILL_EU_BARD_FORGETA_AGGRO_A,Discord Wave,EU,Bard,517,2,16,11406,30226,30,120,144,27050,109,2379,0,5000,,,,,,efr;getv
SKILL_EU_BARD_FORGETA_ATTACK_A,Noise,EU,Bard,517,2,10,11391,11400,20,110,53,18581,84,2392,0,20000,,,,,,dura;getv
SKILL_EU_BARD_FORGETA_MPABSORB_A,Tuning Noise,EU,Bard,517,2,12,11421,11432,10,54,9,571,29,248,0,2500,,,,,,getv
SKILL_EU_BARD_FORGETA_MPABSORB_B,Tuning Sound,EU,Bard,517,2,16,11433,11448,60,120,726,27050,307,1906,0,2500,,,,,,getv
SKILL_EU_BARD_FORGETA_TARGET_A,Temptation,EU,Bard,517,2,6,11358,11363,26,76,108,2164,119,856,0,40000,,,,,,getv
SKILL_EU_BARD_FORGETA_TARGET_B,Curious Temptation,EU,Bard,517,2,4,11364,11367,86,116,4689,23138,1174,2836,0,40000,,,,,,getv
SKILL_EU_BARD_MUSICP_ATTPOINT_A,Vibration,EU,Bard,517,0,30,11163,11192,4,120,2,27050,0,0,0,0,,,,,setv[],
SKILL_EU_BARD_MUSICP_RANGE_A,Echo,EU,Bard,517,0,8,11193,11200,10,115,9,22159,0,0,0,0,,,,,setv[],
SKILL_EU_BARD_MUSICP_REINFORCE_A,Prism,EU,Bard,517,0,7,11212,11218,30,120,144,27050,0,0,0,0,,,,,setv[],
SKILL_EU_BARD_RECOVERA_ABNORMALTIME_A,Rave Melody,EU,Bard,517,2,6,11382,11387,36,86,226,4689,0,0,0,5000,,,,,,heal
SKILL_EU_BARD_RECOVERA_ABNORMALTIME_B,Rave Harmony,EU,Bard,517,2,3,11388,11390,98,118,10811,25094,0,0,0,5000,,,,,,heal
SKILL_EU_BARD_RECOVERA_ABNORMAL_A,Cure Melody,EU,Bard,517,2,10,11368,11377,24,114,89,21444,107,2680,0,5000,,,,,,getv
SKILL_EU_BARD_RECOVERA_ABNORMAL_B,Cure Music,EU,Bard,517,2,4,11378,11381,86,116,4689,23138,1761,4254,0,10000,,,,,,efr;getv
SKILL_EU_BARD_RECOVERA_MANATRANS_A,Mana Wind,EU,Bard,517,2,17,11449,11465,20,116,53,23138,246,7496,0,2000,,,,,,efr;heal
SKILL_EU_BARD_RECOVERA_MANATRANS_B,Mana Breeze,EU,Bard,517,2,9,11466,11474,70,118,1670,25094,4718,19813,0,7000,,,,,,efr;heal
SKILL_EU_BARD_RECOVERA_MPHEAL_A,Mana Cycle,EU,Bard,517,2,19,30227,30245,10,118,9,25094,229,14265,0,1500,,,,,,dura;heal
SKILL_EU_BARD_RECOVERA_MPHEAL_B,Mana Orbit,EU,Bard,517,2,6,30246,30251,90,120,5675,27050,15896,30000,0,10000,,,,,,efr;dura;heal
SKILL_EU_BARD_SPEEDUPA_HITRATE_A,Hit March,EU,Bard,517,2,5,11333,11337,40,80,280,2494,173,730,0,10000,,,,,,efr;hr;getv;getv;getv;reqi
SKILL_EU_BARD_SPEEDUPA_HITRATE_B,Clout March,EU,Bard,517,2,4,11338,11341,90,120,5675,27050,995,2379,0,10000,,,,,,efr;hr;getv;getv;getv;reqi
SKILL_EU_BARD_SPEEDUPA_MSPEED_A,Moving March,EU,Bard,517,2,6,11290,11295,10,60,9,726,30,374,0,10000,,,,,,dura;efr;getv;getv
SKILL_EU_BARD_SPEEDUPA_MSPEED_B,Swing March,EU,Bard,517,2,5,11296,11300,70,110,1670,18581,527,1794,0,10000,,,,,,dura;efr;getv;getv
SKILL_EU_HARP_BASE,SKILL_EU_HARP_BASE_01,EU,Bard,517,2,1,11162,11162,0,0,0,0,0,0,0,2000,200,200,0,0,,att;mc;getv
SKILL_EU_CLERIC_BATTLEA_CROSS_A,Trial Cross,EU,Cleric,518,2,30,11557,11586,4,120,2,27050,20,3163,834,4000,199,199,32,4423,,att;mc;getv
SKILL_EU_CLERIC_BATTLEA_CROSS_B,Justice Cross,EU,Cleric,518,2,16,11587,11602,60,120,726,27050,995,6327,834,7000,199,199,582,4423,,att;mc;efr;getv
SKILL_EU_CLERIC_BATTLEA_OVERHEAL_A,Over Healing,EU,Cleric,518,2,17,11669,11685,20,116,53,23138,125,3797,1834,7000,,,,,,mc
SKILL_EU_CLERIC_BATTLEA_OVERHEAL_B,Glut Healing,EU,Cleric,518,2,9,11686,11694,70,118,1670,25094,1912,8029,1834,14000,,,,,,mc;efr
SKILL_EU_CLERIC_BATTLEA_ROOT_A,Heaven Flash,EU,Cleric,518,2,10,11905,11914,26,116,108,23138,119,2836,834,20000,,,,,"tant[271,0]",
SKILL_EU_CLERIC_BATTLEA_ROOT_B,Heaven Glare,EU,Cleric,518,2,5,11915,11919,78,118,2329,25094,1369,4500,834,40000,,,,,"tant[1953,0]",efr
SKILL_EU_CLERIC_BATTLEA_SACRIFICE_A,Offering,EU,Cleric,518,2,9,11885,11893,40,72,280,1834,0,0,1668,60000,967,967,275,1064,,att;mc;efr;getv
SKILL_EU_CLERIC_BATTLEA_SACRIFICE_B,Pure Offering,EU,Cleric,518,2,11,11894,11904,80,120,2494,27050,0,0,1668,60000,967,967,1123,4423,,att;mc;efr;getv
SKILL_EU_CLERIC_BLESSA_INT_A,Mental Blessing,EU,Cleric,518,2,8,11954,11961,20,62,53,813,84,535,0,500,,,,,,dura;getv;reqi
SKILL_EU_CLERIC_BLESSA_INT_B,Mental Deity,EU,Cleric,518,2,9,11962,11970,70,118,1670,25094,703,3000,0,500,,,,,,dura;getv;reqi
SKILL_EU_CLERIC_BLESSA_MAGICAL_A,Soul Blessing,EU,Cleric,518,2,8,11986,11993,40,82,280,2975,230,1036,0,500,,,,,,dura;defp;getv;reqi
SKILL_EU_CLERIC_BLESSA_MAGICAL_B,Soul Deity,EU,Cleric,518,2,6,11994,11999,90,120,5675,27050,1327,3172,0,500,,,,,,dura;defp;getv;reqi
SKILL_EU_CLERIC_BLESSA_PHYSICAL_A,Body Blessing,EU,Cleric,518,2,8,11971,11978,30,72,144,1834,146,751,0,500,,,,,,dura;defp;getv;reqi
SKILL_EU_CLERIC_BLESSA_PHYSICAL_B,Body Deity,EU,Cleric,518,2,7,11979,11985,80,116,2494,23138,973,2836,0,500,,,,,,dura;defp;getv;reqi
SKILL_EU_CLERIC_BLESSA_STR_A,Force Blessing,EU,Cleric,518,2,8,11936,11943,10,52,9,520,40,372,0,500,,,,,,dura;getv;reqi
SKILL_EU_CLERIC_BLESSA_STR_B,Force Deity,EU,Cleric,518,2,10,11944,11953,60,114,726,21444,499,2680,0,500,,,,,,dura;getv;reqi
SKILL_EU_CLERIC_GLORYP_MAGICAL_A,Favor Armor,EU,Cleric,518,0,16,11869,11884,30,120,144,27050,0,0,0,0,,,,,,defp;reqi;reqi
SKILL_EU_CLERIC_GLORYP_PHYSICAL_A,Glory Armor,EU,Cleric,518,0,17,11852,11868,20,116,53,23138,0,0,0,0,,,,,,defp;reqi;reqi
SKILL_EU_CLERIC_HEALA_CYCLE_A,Healing Cycle,EU,Cleric,518,2,16,11729,11744,30,120,144,27050,460,9383,0,2000,,,,,,dura;heal;getv;getv
SKILL_EU_CLERIC_HEALA_CYCLE_B,Healing Orbit,EU,Cleric,518,2,7,11745,11751,80,116,2494,23138,5822,15111,500,10000,,,,,,efr;dura;heal;getv;getv
SKILL_EU_CLERIC_HEALA_DIVIDE_A,Healing Division,EU,Cleric,518,2,8,11712,11719,20,62,53,813,140,825,0,3000,,,,,,efr;heal;getv;getv
SKILL_EU_CLERIC_HEALA_DIVIDE_B,Healing Favor,EU,Cleric,518,2,9,11720,11728,70,118,1670,25094,1078,4529,0,3000,,,,,,efr;heal;getv;getv
SKILL_EU_CLERIC_HEALA_GROUP_A,Group Healing,EU,Cleric,518,2,8,11695,11702,20,62,53,813,197,1155,500,5000,,,,,,efr;heal;getv;getv
SKILL_EU_CLERIC_HEALA_GROUP_B,Group Healing Breath,EU,Cleric,518,2,9,11703,11711,70,118,1670,25094,1510,6340,500,5000,,,,,,efr;heal;getv;getv
SKILL_EU_CLERIC_HEALA_TARGET_A,Healing,EU,Cleric,518,2,9,11603,11611,4,52,2,520,29,405,500,1832,,,,,,heal;getv;getv
SKILL_EU_CLERIC_HEALA_TARGET_B,Healing Breath,EU,Cleric,518,2,11,11612,11622,60,120,726,27050,539,3351,500,1832,,,,,,heal;getv;getv
SKILL_EU_CLERIC_PRAISEP_ABILITY_A,Charity,EU,Cleric,518,0,19,11833,11851,10,118,9,25094,0,0,0,0,,,,,setv[],reqi;reqi
SKILL_EU_CLERIC_PRAISEP_DAMAGE_A,Heavenly Rage,EU,Cleric,518,0,30,11527,11556,4,120,2,27050,0,0,0,0,,,,,setv[],
SKILL_EU_CLERIC_PRAISEP_HEAL_A,Faith,EU,Cleric,518,0,19,11650,11668,10,118,9,25094,0,0,0,0,,,,,setv[],reqi;reqi
SKILL_EU_CLERIC_REBIRTHA_GROUP_A,Group Reverse,EU,Cleric,518,2,5,11812,11816,40,80,280,2494,692,2920,2668,120000,,,,,,efr;heal
SKILL_EU_CLERIC_REBIRTHA_GROUP_B,Holy Group Reverse,EU,Cleric,518,2,2,11817,11818,90,100,5675,13174,3983,5372,2668,120000,,,,,,efr;heal
SKILL_EU_CLERIC_REBIRTHA_SPECIAL_A,Reverse Oblation,EU,Cleric,518,2,5,11819,11823,40,80,280,2494,461,1946,0,10000,,,,,,heal
SKILL_EU_CLERIC_REBIRTHA_SPECIAL_A_BUFF,Reverse Oblation,EU,Cleric,518,2,5,11824,11828,40,80,0,0,0,0,2668,300000,,,,,,dura
SKILL_EU_CLERIC_REBIRTHA_SPECIAL_B,Reverse Immolation,EU,Cleric,518,2,2,11829,11830,90,100,5675,13174,2655,3581,0,10000,,,,,,heal
SKILL_EU_CLERIC_REBIRTHA_SPECIAL_B_BUFF,Reverse Immolation,EU,Cleric,518,2,2,11831,11832,90,100,0,0,0,0,2668,300000,,,,,,dura
SKILL_EU_CLERIC_REBIRTHA_TARGET_A,Reverse,EU,Cleric,518,2,5,11623,11627,10,50,9,468,60,518,2668,10000,,,,,,heal
SKILL_EU_CLERIC_REBIRTHA_TARGET_B,Grad Reverse,EU,Cleric,518,2,5,11628,11632,60,100,726,13174,748,2686,2668,10000,,,,,,heal
SKILL_EU_CLERIC_RECOVERYA_GROUP_A,Recovery Division,EU,Cleric,518,2,8,11784,11791,40,82,280,2975,1272,5532,1334,20000,,,,,,dura;efr;heal;getv;getv
SKILL_EU_CLERIC_RECOVERYA_GROUP_B,Holy Recovery Division,EU,Cleric,518,2,6,11792,11797,90,120,5675,27050,7065,16755,1334,20000,,,,,,dura;efr;heal;getv;getv
SKILL_EU_CLERIC_RECOVERYA_HEALSHIELD_A,Bless Spell,EU,Cleric,518,2,15,11752,11766,24,108,89,17500,214,4519,1168,180000,,,,,,dura;efr;defp
SKILL_EU_CLERIC_RECOVERYA_QUICK_A,Group Recovery,EU,Cleric,518,2,8,11798,11805,40,82,280,2975,1130,4918,0,15000,,,,,,efr;heal;getv;getv
SKILL_EU_CLERIC_RECOVERYA_QUICK_B,Holy Group Recovery,EU,Cleric,518,2,6,11806,11811,90,120,5675,27050,6280,14893,0,15000,,,,,,efr;heal;getv;getv
SKILL_EU_CLERIC_RECOVERYA_TARGET_A,Recovery,EU,Cleric,518,2,8,11769,11776,30,72,144,1834,365,1790,0,5000,,,,,,heal;getv;getv
SKILL_EU_CLERIC_RECOVERYA_TARGET_B,Holy Recovery,EU,Cleric,518,2,7,11777,11783,80,116,2494,23138,2310,6663,0,5000,,,,,,heal;getv;getv
SKILL_EU_CLERIC_SAINTA_ABNORMAL_A,Holy Word,EU,Cleric,518,2,11,11920,11930,14,114,21,21444,56,2680,0,60000,,,,,,dura
SKILL_EU_CLERIC_SAINTA_ABNORMAL_B,Holy Spell,EU,Cleric,518,2,5,11931,11935,76,116,2164,23138,1284,4254,0,60000,,,,,,efr;dura
SKILL_EU_CLERIC_SAINTA_INNOCENT_A,Innocent,EU,Cleric,518,2,11,11633,11643,14,114,21,21444,28,1340,0,3000,,,,,,
SKILL_EU_CLERIC_SAINTA_INNOCENT_B,Integrity,EU,Cleric,518,2,6,11644,11649,66,116,1420,23138,614,2836,0,7000,,,,,,efr
SKILL_EU_WAND_CLERIC_BASE,SKILL_EU_WAND_CLERIC_BASE_01,EU,Cleric,518,2,1,11526,11526,0,0,0,0,0,0,801,1666,153,153,0,0,,att;mc;getv;MAAT
