zone,nb_mobs_actifs_normaux,lvl_min,lvl_max,lvl_moyen,hp_max_lvl_max,atk_max_observed,exp_max_observed
Europe (Constantinople),2675,1,140,70.1,98369,8395,30462
AUTRE,1623,1,140,67.9,688586213,10651,121848
Evenement caravan/thief,1315,1,140,70.5,114064,8395,30462
Forgotten World (pilliers/uniques),84,35,107,73.4,102398,3681,43303
Temple du Job / désert d'Alexandrie (Seth 101-110),67,1,110,97.8,175454,4049,23659
Tombe de Qin-Shi (clones/quete),53,11,100,66.5,183535199,3828,77430956
Tombe de Qin-Shi / FGW (101-110),44,30,99,87.5,27507,2515,9066
Chine (Jangan-Donwhang),27,2,90,14.3,676983,1778,145923
"Rock Mountain / nord Alexandrie (Shaitan, Roc)",26,70,100,89.1,6054980,3578,133540
Désert de Taklamakan (Yarkan),19,61,80,71.5,438424,1257,108580
Chine de l'Ouest (Donwhang-Hotan),18,21,30,26.3,57255,194,17676
Oasis / plages sud (Uruchi),18,31,42,36.4,3038,338,28792
Evenement,16,1,95,42.5,890991,2153,338329
Karakoram (Isyutaru),15,51,60,55.4,229030,657,60118
Asia Minor (zone AM),11,21,30,25.3,1909,184,842
COS (pets/vehicules),3,8,116,48.0,84243,3748,14985
Zone tutorielle / instance (CI),1,1,1,1.0,54,10,24
